"time","batteryThermal.temperature","der(batteryThermal.temperature)","battery.current","battery.voltage","batteryThermal.heatGeneration","motor.speed","motor.torque"
0,25,0.001125,7.5,399.925,0.5625,1500,150
1,25.00111104207603,0.001097121091860504,7.42147310230468,399.9257852689769,0.5507826300823185,1515.705379539064,148.4294620460936
2,25.0021944724106,0.001069622051878458,7.343023701176718,399.9265697629882,0.5391999707604302,1531.395259764657,146.8604740235344
3,25.00325092133357,0.001042522126506274,7.264729216703714,399.9273527078329,0.5277629059202855,1547.054156659257,145.2945843340743
4,25.00428043410171,0.001015841890849383,7.186666916089239,399.9281333308391,0.5164818136281162,1562.666616782152,143.7333383217848
5,25.00528469622447,0.0009895943340534935,7.108913837399422,399.928910861626,0.5053665594756898,1578.217232520115,142.1782767479884
6,25.00626339817872,0.0009637993909778219,7.031546713535689,399.9296845328647,0.4944264918463455,1593.690657292862,140.6309342707138
7,25.00721642202682,0.0009384751900661788,6.954641896508644,399.9304535810349,0.4836704390867335,1609.071620698271,139.0928379301729
8,25.00814376776878,0.0009136383460484881,6.878275282087863,399.9312172471791,0.4731067085618087,1624.344943582427,137.5655056417573
9,25.00904818609431,0.0008892934307494561,6.802522234901926,399.931974777651,0.462743087563351,1639.495553019615,136.0504446980385
10,25.00992882972074,0.0008654583731874149,6.727457514062633,399.9327254248594,0.4525868460351778,1654.508497187474,134.5491502812527
11,25.0107851816267,0.0008421487556357532,6.653155199386773,399.9334684480061,0.4426447410712725,1669.368960122646,133.0631039877354
12,25.01161724181221,0.0008193770790238256,6.579688618288305,399.9342031138171,0.4329230231363266,1684.062276342339,131.5937723657661
13,25.01242852661705,0.0007971407814351704,6.507130273413049,399.9349286972659,0.4234274439516858,1698.57394531739,130.142605468261
14,25.01321869183996,0.000775451764607064,6.43555177108732,399.9356444822891,0.4141632659834514,1712.889645782536,128.7110354217464
15,25.01398661639371,0.0007543240813522119,6.365023750651133,399.9363497624935,0.4051352734635302,1726.995249869773,127.3004750130226
16,25.01473230027832,0.0007337663686242395,6.295615814745712,399.9370438418525,0.3963477848687632,1740.876837050858,125.9123162949142
17,25.01545900194158,0.0007137733257895331,6.227396460624071,399.9377260353938,0.3878046667779321,1754.520707875186,124.5479292124814
18,25.01616729751915,0.0006943495079663216,6.16043301255251,399.9383956698745,0.3795093490214679,1767.913397489498,123.2086602510502
19,25.01685559351171,0.0006755073080212679,6.094791555369675,399.9390520844463,0.371464841034055,1781.041688926065,121.8958311073935
20,25.01752388991924,0.0006572519389552392,6.030536869268817,399.9396946313073,0.3636737493161054,1793.892626146237,120.6107373853763
21,25.01817403343688,0.0006395804580649367,5.967732365867558,399.9403226763413,0.356138295906232,1806.453526826488,119.3546473173512
22,25.0188077956549,0.0006224894929072861,5.906440025628277,399.9409355997437,0.3488603377634377,1818.711994874345,118.1288005125655
23,25.01942452780319,0.0006059846626967381,5.846720336690872,399.9415327966331,0.3418413869547463,1830.655932661826,116.9344067338174
24,25.02002475854744,0.0005900662288931297,5.788632235178278,399.9421136776482,0.3350826315414506,1842.273552964344,115.7726447035655
25,25.02060901655338,0.0005747338478965575,5.732233047033631,399.9426776695296,0.3285849570550447,1853.553390593274,114.6446609406726
26,25.02117783048672,0.000559986614957654,5.677578431446472,399.9432242156855,0.3223489684522618,1864.484313710706,113.5515686289294
27,25.02173172901315,0.0005458231088223199,5.624722325923852,399.9437527767408,0.3163750124374622,1875.05553481523,112.494446518477
28,25.0222712407984,0.0005322414368861664,5.573716893060526,399.9442628310694,0.3106632000398828,1885.256621387895,111.4743378612105
29,25.02279717052726,0.0005192381765570007,5.524612469060774,399.9447538753094,0.3052134293330178,1895.077506187845,110.4922493812155
30,25.02331056338475,0.0005068085628282206,5.477457514062632,399.9452254248594,0.3000254081836119,1904.508497187474,109.5491502812526
31,25.02381153736091,0.0004949512043932176,5.432298564313595,399.9456770143569,0.2950986769184355,1913.540287137281,108.6459712862719
32,25.02430066794323,0.0004836625898233724,5.389180186244963,399.9461081981376,0.290432630798153,1922.163962751008,107.7836037248993
33,25.02477853061918,0.0004729389619016931,5.34814493249014,399.9465185506751,0.2860265421891997,1930.371013501972,106.9628986498028
34,25.02524570087623,0.0004627763611483702,5.309233299890342,399.9469076670011,0.2818795823266449,1938.153340021932,106.1846659978068
35,25.02570275420187,0.0004531706683195393,5.272483689529082,399.9472751631047,0.277990842563502,1945.503262094184,105.4496737905816
36,25.02615026608357,0.0004441176456755172,5.237932368834951,399.9476206763117,0.2743593550048892,1952.41352623301,104.758647376699
37,25.02658883580389,0.0004356128816420172,5.205613435790048,399.9479438656421,0.2709841124287787,1958.87731284199,104.112268715801
38,25.02701920204562,0.0004276513666151894,5.175558785279371,399.9482444121472,0.2678640873988248,1964.888242944126,103.5111757055874
39,25.02744182395774,0.0004202292051268546,5.147798077614436,399.9485220192238,0.2649982504789088,1970.440384477113,102.9559615522887
40,25.02785728460112,0.0004133420365225801,5.122358709262116,399.9487764129074,0.2623855874635345,1975.528258147577,102.4471741852423
41,25.02826616703658,0.0004069855629398326,5.099265785807642,399.9490073421419,0.2600251155430843,1980.146842838471,101.9853157161528
42,25.02866905432498,0.0004011555793563664,5.078542097178422,399.9492145790282,0.2579158983281341,1984.291580564316,101.5708419435684
43,25.02906652952714,0.0003958480012165103,5.060208095153132,399.9493979190485,0.2560570596625328,1987.958380969374,101.2041619030626
44,25.02945917570391,0.0003910588895058477,5.044281873178278,399.9495571812682,0.2544477961607496,1991.143625364344,100.8856374635655
45,25.02984757591615,0.0003867844731575061,5.030779148512156,399.9496922085149,0.2530873884110469,1993.844170297569,100.6155829702431
46,25.03023149977133,0.0003830244224993658,5.019713246713806,399.9498028675329,0.2519752107923406,1996.057350657239,100.3942649342761
47,25.03061200601163,0.0003797734556717132,5.0110950884923,399.9498890491151,0.2511107398591165,1997.78098230154,100.221901769846
48,25.03098968480782,0.0003770283832796669,5.004933178929321,399.9499506682107,0.2504935612554756,1999.013364214136,100.0986635785864
49,25.03136508660141,0.0003747864038468225,5.001233599085671,399.9499876640091,0.2501233751262342,1999.753280182866,100.0246719817134
50,25.03173876183392,0.0003730449526643016,5.000000000000001,399.95,0.2500000000000001,2000,100
51,25.03211126094687,0.0003718017064649888,5.001233599085671,399.9499876640091,0.2501233751262342,1999.753280182866,100.0246719817134
52,25.03248313438177,0.0003710545849838828,5.004933178929321,399.9499506682107,0.2504935612554756,1999.013364214136,100.0986635785864
53,25.03285493258013,0.0003708017493977025,5.0110950884923,399.9498890491151,0.2511107398591165,1997.78098230154,100.221901769846
54,25.03322634146093,0.0003710450557409695,5.019713246713806,399.9498028675329,0.2519752107923406,1996.057350657239,100.3942649342761
55,25.03359813683339,0.0003717822294885322,5.030779148512156,399.9496922085149,0.2530873884110469,1993.844170297569,100.6155829702431
56,25.03397106138163,0.0003730113467949734,5.04428187317828,399.9495571812682,0.2544477961607498,1991.143625364344,100.8856374635656
57,25.03434562060878,0.0003747316368899368,5.060208095153132,399.9493979190485,0.2560570596625328,1987.958380969374,101.2041619030626
58,25.03472232001798,0.0003769425165843605,5.078542097178422,399.9492145790282,0.2579158983281341,1984.291580564316,101.5708419435684
59,25.03510166511234,0.0003796435706367965,5.099265785807642,399.9490073421419,0.2600251155430843,1980.146842838471,101.9853157161528
60,25.03548416139502,0.0003828345293469807,5.122358709262116,399.9487764129074,0.2623855874635345,1975.528258147577,102.4471741852423
61,25.03587031436913,0.0003865152434812802,5.147798077614436,399.9485220192238,0.2649982504789088,1970.440384477113,102.9559615522887
62,25.03626030497691,0.00039068695489001,5.175558785279371,399.9482444121472,0.2678640873988248,1964.888242944126,103.5111757055874
63,25.03665450434815,0.0003953502074649596,5.205613435790048,399.9479438656421,0.2709841124287787,1958.87731284199,104.112268715801
64,25.03705357153711,0.0004005044238613195,5.237932368834951,399.9476206763117,0.2743593550048892,1952.41352623301,104.758647376699
65,25.03745795860843,0.0004061498506932919,5.272483689529082,399.9472751631047,0.277990842563502,1945.503262094184,105.4496737905816
66,25.03786811390252,0.0004122867090431996,5.309233299890342,399.9469076670011,0.2818795823266449,1938.153340021932,106.1846659978068
67,25.03828448203564,0.0004189151562358435,5.34814493249014,399.9465185506751,0.2860265421891997,1930.371013501972,106.9628986498028
68,25.03870750389981,0.0004260352459970751,5.389180186244963,399.9461081981376,0.290432630798153,1922.163962751008,107.7836037248993
69,25.03913761666288,0.0004336468871853617,5.432298564313597,399.9456770143569,0.2950986769184357,1913.540287137281,108.6459712862719
70,25.03957546434464,0.0004417489589886629,5.477457514062632,399.9452254248594,0.3000254081836119,1904.508497187474,109.5491502812526
71,25.04002180658029,0.0004503396323448685,5.524612469060774,399.9447538753094,0.3052134293330178,1895.077506187845,110.4922493812155
72,25.04047683267506,0.0004594190693795347,5.573716893060526,399.9442628310694,0.3106632000398828,1885.256621387895,111.4743378612105
73,25.04094101909567,0.0004689859484922621,5.624722325923852,399.9437527767408,0.3163750124374622,1875.05553481523,112.494446518477
74,25.04141484241286,0.0004790385672531015,5.677578431446472,399.9432242156855,0.3223489684522618,1864.484313710706,113.5515686289294
75,25.04189877930135,0.0004895747969046952,5.732233047033631,399.9426776695296,0.3285849570550447,1853.553390593274,114.6446609406726
76,25.04239330653985,0.0005005920369235157,5.78863223517828,399.9421136776482,0.3350826315414509,1842.273552964344,115.7726447035656
77,25.04289890101107,0.0005120871698651936,5.846720336690872,399.9415327966331,0.3418413869547463,1830.655932661826,116.9344067338174
78,25.04341607021484,0.0005240563946675337,5.906440025628277,399.9409355997437,0.3488603377634377,1818.711994874345,118.1288005125655
79,25.04394545029728,0.0005364947906233613,5.96773236586756,399.9403226763413,0.3561382959062322,1806.453526826488,119.3546473173512
80,25.04448742144927,0.0005493978128351224,6.030536869268817,399.9396946313073,0.3636737493161054,1793.892626146237,120.6107373853763
81,25.04504247781086,0.0005627597708246565,6.094791555369675,399.9390520844463,0.371464841034055,1781.041688926065,121.8958311073935
82,25.04561111483207,0.0005765742387146411,6.16043301255251,399.9383956698745,0.3795093490214679,1767.913397489498,123.2086602510502
83,25.04619382927287,0.0005908340164643718,6.227396460624073,399.9377260353938,0.3878046667779323,1754.520707875186,124.5479292124814
84,25.04679111920321,0.0006055310929246873,6.295615814745712,399.9370438418525,0.3963477848687632,1740.876837050858,125.9123162949142
85,25.04740348400297,0.0006206566109151942,6.365023750651135,399.9363497624935,0.4051352734635305,1726.995249869773,127.3004750130227
86,25.04803142436203,0.0006362008345187975,6.43555177108732,399.9356444822891,0.4141632659834514,1712.889645782536,128.7110354217464
87,25.04867462639864,0.0006521563823088269,6.507130273413049,399.9349286972659,0.4234274439516858,1698.57394531739,130.142605468261
88,25.04933403729796,0.0006685098970808265,6.579688618288305,399.9342031138171,0.4329230231363266,1684.062276342339,131.5937723657661
89,25.05001010450366,0.0006852490641279216,6.653155199386773,399.9334684480061,0.4426447410712725,1669.368960122646,133.0631039877354
90,25.050703261865,0.0007023606446103722,6.727457514062633,399.9327254248594,0.4525868460351778,1654.508497187473,134.5491502812527
91,25.05141393966202,0.0007198304164786241,6.802522234901926,399.931974777651,0.462743087563351,1639.495553019615,136.0504446980385
92,25.05214256460552,0.0007376431587015175,6.878275282087862,399.9312172471791,0.4731067085618086,1624.344943582428,137.5655056417572
93,25.05288955983706,0.0007557826388252316,6.954641896508645,399.9304535810349,0.4836704390867336,1609.071620698271,139.0928379301729
94,25.05365534492895,0.0007742316039768968,7.031546713535689,399.9296845328647,0.4944264918463455,1593.690657292862,140.6309342707138
95,25.05443921412231,0.0007929762624621346,7.108913837399424,399.928910861626,0.50536655947569,1578.217232520115,142.1782767479885
96,25.05524184484199,0.0008119962478882559,7.186666916089241,399.9281333308391,0.5164818136281164,1562.666616782152,143.7333383217848
97,25.05606376360957,0.0008312707574022831,7.264729216703714,399.9273527078329,0.5277629059202855,1547.054156659257,145.2945843340743
98,25.0569052492883,0.0008507789443676508,7.343023701176718,399.9265697629882,0.5391999707604302,1531.395259764657,146.8604740235344
99,25.0577665685012,0.0008704989861598341,7.42147310230468,399.9257852689769,0.5507826300823185,1515.705379539064,148.4294620460936
100,25.05864797563104,0.0008904080974758557,7.5,399.925,0.5625,1500,150
101,25.05954971282031,0.00091048254750059,7.578526897695323,399.924214731023,0.5743406993909149,1484.294620460936,151.5705379539064
102,25.06047200997128,0.0009306976809297185,7.656976298823283,399.9234302370118,0.586292860407415,1468.604740235343,153.1395259764656
103,25.0614143211368,0.0009510309972711504,7.735270783296286,399.922647292167,0.5983441409091714,1452.945843340743,154.7054156659257
104,25.06237664838804,0.0009714568840505339,7.813333083910762,399.9218666691609,0.6104817388013446,1437.333383217848,156.2666616782152
105,25.06335948237954,0.0009919468869935702,7.891086162600579,399.921089138374,0.6226924082558634,1421.782767479884,157.8217232520116
106,25.06436288736299,0.001012473406119321,7.968453286464312,399.9203154671354,0.634962477785639,1406.309342707138,159.3690657292862
107,25.0653869072402,0.001033008111307483,8.045358103491358,399.9195464189651,0.6472778701341406,1390.928379301729,160.9071620698271
108,25.0664315655631,0.001053521985618499,8.121724717912137,399.9187827528209,0.6596241239354498,1375.655056417572,162.4344943582427
109,25.06749686553371,0.001073985372050711,8.197477765098075,399.918025222349,0.6719864170927733,1360.504446980385,163.9495553019615
110,25.06858279000418,0.001094368023616062,8.27254248593737,399.9172745751407,0.6843495918163884,1345.491502812526,165.4508497187474
111,25.06968899180973,0.001114640395271546,8.34684480061323,399.9165315519938,0.6966981812552411,1330.631039877354,166.9368960122646
112,25.07081499030753,0.001134772914069541,8.420311381711697,399.9157968861829,0.7090164376498355,1315.937723657661,168.4062276342339
113,25.07196095271663,0.001154732912989037,8.492869726586951,399.9150713027341,0.7212883619277711,1301.42605468261,169.857394531739
114,25.07312666615682,0.001174488804687215,8.564448228912683,399.9143555177109,0.7334977346572559,1287.110354217464,171.2889645782537
115,25.07431188313688,0.00119400876398885,8.634976249348867,399.9136502375065,0.7456281482681902,1273.004750130227,172.6995249869773
116,25.07551632079563,0.001213260797707585,8.704384185254288,399.9129561581474,0.7576630404450495,1259.123162949142,174.0876837050857
117,25.07673966014312,0.001232212816608947,8.772603539375929,399.9122739646062,0.7695857285907108,1245.479292124814,175.4520707875186
118,25.07798154530177,0.001250832709304346,8.839566987447492,399.9116043301255,0.7813794452557152,1232.086602510502,176.7913397489498
119,25.07924167510311,0.00126908804843387,8.905208444630327,399.9109479155537,0.793027374423153,1218.958311073935,178.1041688926065
120,25.08051999917832,0.00128694538035765,8.969463130731183,399.9103053686927,0.8045126885354604,1206.107373853763,179.3892626146237
121,25.08181584762608,0.001304373781787615,9.032267634132442,399.9096773236587,0.8158185861459646,1193.546473173512,180.6453526826488
122,25.08312877526861,0.001321341559075475,9.093559974371725,399.9090644002563,0.8269283300749549,1181.288005125655,181.8711994874345
123,25.08445830456762,0.001337817353624509,9.15327966330913,399.9084672033669,0.837825285947485,1169.344067338174,183.0655932661826
124,25.08580392531281,0.001353770220724709,9.211367764821722,399.9078863223518,0.8484929609879671,1157.726447035656,184.2273552964344
125,25.08716509431042,0.001369169708648239,9.267766952966369,399.9073223304703,0.8589150429449554,1146.446609406726,185.3553390593274
126,25.0885412350717,0.001383985937749847,9.322421568553528,399.9067757843144,0.8690754390183203,1135.515686289294,186.4484313710706
127,25.08993174416727,0.00139818965265152,9.37527767407615,399.9062472232592,0.8789583146603072,1124.94446518477,187.505553481523
128,25.09133630637138,0.001411751038757923,9.426283106939472,399.9057371689306,0.8885481321217248,1114.743378612105,188.5256621387894
129,25.09275408116664,0.001424643052563002,9.475387530939228,399.9052461246906,0.8978296886147861,1104.922493812155,189.5077506187845
130,25.09418439804284,0.001436838715758279,9.52254248593737,399.9047745751406,0.9067881539648227,1095.491502812526,190.4508497187474
131,25.09562655705232,0.001448311987039449,9.567701435686407,399.9043229856431,0.9154091076243575,1086.459712862719,191.3540287137281
132,25.09707982879263,0.001459037834678794,9.610819813755038,399.9038918018625,0.9236785749246641,1077.836037248992,192.2163962751007
133,25.0985434543892,0.001468992307327496,9.65185506750986,399.9034814493249,0.9315830624421577,1069.628986498028,193.0371013501972
134,25.100016645478,0.001478152602807085,9.690766700109659,399.9030923329989,0.9391095923595425,1061.846659978068,193.8153340021932
135,25.10149858418816,0.001486497134656913,9.727516310470918,399.9027248368953,0.9462457357047773,1054.496737905816,194.5503262094184
136,25.1029886418659,0.001494004721245198,9.762067631165049,399.9023793236884,0.952979644354404,1047.58647376699,195.241352623301
137,25.10448589083897,0.001500656600027666,9.794386564209953,399.9020561343579,0.9593000816917645,1041.122687158009,195.887731284199
138,25.10598942370257,0.001506435208819757,9.824441214720629,399.9017555878528,0.9651964518150135,1035.111757055874,196.4888242944126
139,25.10749834203658,0.001511324286242828,9.852201922385563,399.9014779807761,0.9706588271945777,1029.559615522887,197.0440384477112
140,25.10901172239202,0.001515309059801724,9.877641290737884,399.9012235870926,0.9756779746848997,1024.471741852423,197.5528258147577
141,25.11052861651122,0.001518376293556699,9.900734214192358,399.9009926578581,0.9802453798007917,1019.853157161528,198.0146842838471
142,25.112048051548,0.001520514332157197,9.921457902821579,399.9007854209718,0.9843532691746077,1015.708419435684,198.4291580564316
143,25.1135690302879,0.001521713141081579,9.939791904846869,399.9006020809516,0.9879946311165935,1012.041619030626,198.7958380969374
144,25.11509093666471,0.001521962721755704,9.955718126821722,399.9004428187318,0.9911632342072662,1008.856374635656,199.1143625364344
145,25.11661281894413,0.001521256011938294,9.969220851487846,399.9003077914851,0.9938536438574005,1006.155829702431,199.3844170297569
146,25.11813351361179,0.001519588419109231,9.980286753286194,399.9001971324672,0.9960612367781988,1003.942649342761,199.6057350657239
147,25.11965202097057,0.00151695634274056,9.988904911507699,399.9001109508849,0.9977822133114264,1002.21901769846,199.778098230154
148,25.12116732944977,0.00151335789735427,9.995066821070679,399.9000493317893,0.9990136075766795,1000.986635785864,199.9013364214136
149,25.1226784164242,0.001508792925104264,9.998766400914331,399.9000123359909,0.9997532954005333,1000.246719817134,199.9753280182866
150,25.12418424903325,0.001503263003866992,10,399.9,1,1000,200
151,25.12568378499999,0.00149677145080111,9.998766400914331,399.9000123359909,0.9997532954005333,1000.246719817134,199.9753280182866
152,25.12717633150823,0.001489321889120449,9.995066821070679,399.9000493317893,0.9990136075766795,1000.986635785864,199.9013364214136
153,25.12866121890081,0.0014809195510196,9.988904911507699,399.9001109508849,0.9977822133114264,1002.21901769846,199.778098230154
154,25.13013714697793,0.001471573885644664,9.980286753286194,399.9001971324672,0.9960612367781988,1003.942649342761,199.6057350657239
155,25.13160316381268,0.001461294632464064,9.969220851487847,399.9003077914851,0.9938536438574008,1006.155829702431,199.3844170297569
156,25.13305832706277,0.001450093160163467,9.955718126821722,399.9004428187318,0.9911632342072662,1008.856374635656,199.1143625364344
157,25.13450170558098,0.001437982439909279,9.939791904846869,399.9006020809516,0.9879946311165935,1012.041619030626,198.7958380969374
158,25.13593238102575,0.00142497701424623,9.921457902821579,399.9007854209718,0.9843532691746077,1015.708419435684,198.4291580564316
159,25.13734944947169,0.001411092961714814,9.900734214192358,399.9009926578581,0.9802453798007917,1019.853157161529,198.0146842838471
160,25.13875209421996,0.001396347572489945,9.877641290737884,399.9012235870926,0.9756779746848997,1024.471741852423,197.5528258147577
161,25.14013967390255,0.001380758958778958,9.852201922385563,399.9014779807761,0.9706588271945777,1029.559615522887,197.0440384477112
162,25.14151121631251,0.001364348038379978,9.824441214720629,399.9017555878528,0.9651964518150135,1035.111757055874,196.4888242944126
163,25.14286593393535,0.00134713642764214,9.794386564209953,399.9020561343579,0.9593000816917645,1041.12268715801,195.887731284199
164,25.14420306709994,0.001329147020309059,9.762067631165049,399.9023793236884,0.952979644354404,1047.58647376699,195.241352623301
165,25.14552188587736,0.001310403927900124,9.727516310470918,399.9027248368953,0.9462457357047773,1054.496737905816,194.5503262094184
166,25.14682169197976,0.00129093241680006,9.690766700109659,399.9030923329989,0.9391095923595425,1061.846659978068,193.8153340021932
167,25.14810182065917,0.001270758842247644,9.651855067509858,399.9034814493249,0.9315830624421574,1069.628986498028,193.0371013501972
168,25.14936161607039,0.001249910685567782,9.610819813755038,399.9038918018625,0.9236785749246641,1077.836037248992,192.2163962751007
169,25.15060001140527,0.001228418169627618,9.567701435686406,399.9043229856431,0.915409107624357,1086.459712862719,191.3540287137281
170,25.15181669040838,0.00120630954629612,9.52254248593737,399.9047745751406,0.9067881539648227,1095.491502812527,190.4508497187474
171,25.15301107708756,0.001183615068879336,9.475387530939225,399.9052461246906,0.8978296886147854,1104.922493812155,189.5077506187845
172,25.15418263025963,0.001160365743204944,9.426283106939472,399.9057371689306,0.8885481321217248,1114.743378612106,188.5256621387894
173,25.15533084500339,0.00113659324930705,9.37527767407615,399.9062472232592,0.8789583146603072,1124.94446518477,187.505553481523
174,25.15645525411266,0.001112329861585997,9.322421568553528,399.9067757843144,0.8690754390183203,1135.515686289294,186.4484313710706
175,25.15755542954924,0.001087608367692946,9.267766952966367,399.9073223304703,0.858915042944955,1146.446609406727,185.3553390593273
176,25.15863098389599,0.001062461986391992,9.211367764821722,399.9078863223518,0.8484929609879671,1157.726447035656,184.2273552964344
177,25.15968097698163,0.001036926663968465,9.153279663309128,399.9084672033669,0.8378252859474847,1169.344067338174,183.0655932661826
178,25.16070528717602,0.001011035511445837,9.093559974371724,399.9090644002563,0.8269283300749547,1181.288005125655,181.8711994874345
179,25.16170363916545,0.00098482261563012,9.032267634132442,399.9096773236587,0.8158185861459646,1193.546473173512,180.6453526826488
180,25.1626757253186,0.0009583224757965209,8.969463130731183,399.9103053686927,0.8045126885354604,1206.107373853764,179.3892626146236
181,25.16362127413386,0.0009315696523108809,8.905208444630325,399.9109479155537,0.7930273744231526,1218.958311073935,178.1041688926065
182,25.16454005108181,0.000904598686184185,8.839566987447492,399.9116043301255,0.7813794452557152,1232.086602510502,176.7913397489498
183,25.16543185944782,0.0008774440193901216,8.772603539375927,399.9122739646062,0.7695857285907104,1245.479292124814,175.4520707875186
184,25.16629654117449,0.0008501399161921563,8.704384185254288,399.9129561581474,0.7576630404450495,1259.123162949142,174.0876837050857
185,25.1671337661069,0.0008227212321087785,8.634976249348865,399.9136502375065,0.7456281482681899,1273.004750130227,172.6995249869773
186,25.16794343210613,0.0007952217408899989,8.56444822891268,399.9143555177109,0.7334977346572553,1287.110354217464,171.2889645782536
187,25.16872553916949,0.0007676745671775691,8.492869726586951,399.9150713027341,0.7212883619277711,1301.42605468261,169.857394531739
188,25.16948004691756,0.0007401126876294317,8.420311381711695,399.9157968861829,0.7090164376498352,1315.937723657661,168.4062276342339
189,25.17020695228376,0.0007125685533754427,8.346844800613228,399.9165315519938,0.6966981812552407,1330.631039877354,166.9368960122646
190,25.17090629006542,0.0006850740233710775,8.272542485937366,399.9172745751407,0.6843495918163879,1345.491502812527,165.4508497187473
191,25.17157813347478,0.0006576603002864188,8.197477765098071,399.918025222349,0.6719864170927727,1360.504446980386,163.9495553019614
192,25.17222259469005,0.0006303578691107077,8.121724717912137,399.9187827528209,0.6596241239354498,1375.655056417573,162.4344943582427
193,25.17283969407124,0.0006031969639833097,8.045358103491358,399.9195464189651,0.6472778701341406,1390.928379301729,160.9071620698271
194,25.17342951135419,0.000576206910154519,7.968453286464312,399.9203154671354,0.634962477785639,1406.309342707138,159.3690657292862
195,25.17399234986392,0.0005494154170560488,7.891086162600577,399.921089138374,0.622692408255863,1421.782767479885,157.8217232520115
196,25.17452844299608,0.0005228497056183637,7.813333083910759,399.9218666691609,0.6104817388013442,1437.333383217848,156.2666616782152
197,25.17503806088575,0.0004965360382753408,7.735270783296285,399.922647292167,0.5983441409091713,1452.945843340743,154.7054156659257
198,25.17552151069449,0.000470499678036852,7.656976298823283,399.9234302370118,0.586292860407415,1468.604740235343,153.1395259764656
199,25.17597913689747,0.0004447648511919311,7.578526897695321,399.924214731023,0.5743406993909147,1484.294620460936,151.5705379539064
200,25.17641132157049,0.0004193547137180216,7.499999999999999,399.925,0.5624999999999999,1500,150
201,25.1768182895402,0.0003942921020038481,7.421473102304678,399.9257852689769,0.5507826300823182,1515.705379539064,148.4294620460936
202,25.17720000234865,0.000369599932126252,7.343023701176715,399.9265697629882,0.5391999707604299,1531.395259764657,146.8604740235343
203,25.17755722448111,0.000345296913916119,7.264729216703714,399.9273527078329,0.5277629059202855,1547.054156659257,145.2945843340743
204,25.17789039066955,0.000321402064578034,7.186666916089241,399.9281333308391,0.5164818136281164,1562.666616782152,143.7333383217848
205,25.17819996203493,0.0002979332708116695,7.108913837399422,399.928910861626,0.5053665594756898,1578.217232520116,142.1782767479884
206,25.17848642569729,0.0002749072809035295,7.031546713535687,399.9296845328647,0.4944264918463452,1593.690657292863,140.6309342707137
207,25.17875029438587,0.0002523397006299963,6.954641896508644,399.9304535810349,0.4836704390867335,1609.071620698271,139.0928379301729
208,25.1789921060491,0.000230244992927227,6.878275282087862,399.9312172471791,0.4731067085618086,1624.344943582428,137.5655056417572
209,25.17921234833478,0.0002086367817875844,6.802522234901926,399.931974777651,0.462743087563351,1639.495553019615,136.0504446980385
210,25.17941082635681,0.0001875303866430956,6.72745751406263,399.9327254248594,0.4525868460351775,1654.508497187474,134.5491502812526
211,25.17958854480567,0.0001669353029198726,6.653155199386771,399.9334684480061,0.4426447410712723,1669.368960122646,133.0631039877354
212,25.17974602632706,0.0001468619409644157,6.579688618288305,399.9342031138171,0.4329230231363266,1684.062276342339,131.5937723657661
213,25.17988380253419,0.0001273196777666311,6.507130273413049,399.9349286972659,0.4234274439516858,1698.57394531739,130.142605468261
214,25.18000241284426,0.0001083168805898624,6.43555177108732,399.9356444822891,0.4141632659834514,1712.889645782536,128.7110354217464
215,25.18010240331504,8.986093366688652e-05,6.365023750651131,399.9363497624935,0.40513527346353,1726.995249869774,127.3004750130226
216,25.18018432548138,7.195826781198788e-05,6.295615814745712,399.9370438418525,0.3963477848687632,1740.876837050858,125.9123162949142
217,25.18024873519171,5.461439278902092e-05,6.227396460624071,399.9377260353938,0.3878046667779321,1754.520707875186,124.5479292124814
218,25.18029604290954,3.783452640479301e-05,6.16043301255251,399.9383956698745,0.3795093490214679,1767.913397489498,123.2086602510502
219,25.18032686424214,2.162222509956391e-05,6.094791555369675,399.9390520844463,0.371464841034055,1781.041688926065,121.8958311073935
220,25.18034175160181,5.980492224990419e-06,6.030536869268817,399.9396946313073,0.3636737493161054,1793.892626146237,120.6107373853763
221,25.18034124335191,-9.088381595181438e-06,5.967732365867558,399.9403226763413,0.356138295906232,1806.453526826489,119.3546473173512
222,25.1803258735657,-2.358281873590939e-05,5.906440025628275,399.9409355997437,0.3488603377634374,1818.711994874345,118.1288005125655
223,25.18029617071841,-3.750190896416339e-05,5.84672033669087,399.9415327966331,0.341841386954746,1830.655932661826,116.9344067338174
224,25.18025265637944,-5.084536243487648e-05,5.788632235178278,399.9421136776482,0.3350826315414506,1842.273552964345,115.7726447035655
225,25.18019584390445,-6.361346150770964e-05,5.732233047033631,399.9426776695296,0.3285849570550447,1853.553390593274,114.6446609406726
226,25.18012663958807,-7.580862144777478e-05,5.67757843144647,399.9432242156855,0.3223489684522616,1864.484313710706,113.5515686289294
227,25.1800455397662,-8.743213418986651e-05,5.624722325923852,399.9437527767408,0.3163750124374622,1875.05553481523,112.494446518477
228,25.1799529757386,-9.848550287462465e-05,5.573716893060526,399.9442628310694,0.3106632000398828,1885.256621387895,111.4743378612105
229,25.17984949605067,-0.0001089711255366366,5.524612469060774,399.9447538753094,0.3052134293330178,1895.077506187845,110.4922493812155
230,25.17973564440305,-0.0001188917612449589,5.47745751406263,399.9452254248594,0.3000254081836117,1904.508497187474,109.5491502812526
231,25.17961195886233,-0.0001282504816124683,5.432298564313595,399.9456770143569,0.2950986769184355,1913.540287137281,108.6459712862719
232,25.1794789710719,-0.0001370506226912862,5.389180186244963,399.9461081981376,0.290432630798153,1922.163962751008,107.7836037248993
233,25.17933720546256,-0.000145295737471852,5.34814493249014,399.9465185506751,0.2860265421891997,1930.371013501972,106.9628986498028
234,25.17918742228842,-0.0001529905245003831,5.309233299890342,399.9469076670011,0.2818795823266449,1938.153340021932,106.1846659978068
235,25.17903028883396,-0.0001601394702088234,5.27248368952908,399.9472751631047,0.2779908425635019,1945.503262094184,105.4496737905816
236,25.17886619527929,-0.0001667460711073986,5.237932368834951,399.9476206763117,0.2743593550048892,1952.41352623301,104.758647376699
237,25.17869569788779,-0.0001728145666935874,5.205613435790045,399.9479438656421,0.2709841124287784,1958.877312841991,104.1122687158009
238,25.17851935024826,-0.0001783492261953986,5.175558785279371,399.9482444121472,0.2678640873988248,1964.888242944126,103.5111757055874
239,25.17833770293441,-0.0001833543107798374,5.147798077614436,399.9485220192238,0.2649982504789088,1970.440384477113,102.9559615522887
240,25.17815130316413,-0.0001878340377294437,5.122358709262116,399.9487764129074,0.2623855874635345,1975.528258147577,102.4471741852423
241,25.17796069445885,-0.0001917925467492175,5.099265785807642,399.9490073421419,0.2600251155430843,1980.146842838471,101.9853157161528
242,25.17776637545581,-0.0001952337051669739,5.078542097178422,399.9492145790282,0.2579158983281341,1984.291580564316,101.5708419435684
243,25.17756882082505,-0.0001981611639751259,5.060208095153132,399.9493979190485,0.2560570596625328,1987.958380969374,101.2041619030626
244,25.17736863479159,-0.0002005789468448659,5.044281873178278,399.9495571812682,0.2544477961607496,1991.143625364344,100.8856374635655
245,25.17716635013766,-0.0002024906237285493,5.030779148512156,399.9496922085149,0.2530873884110469,1993.844170297569,100.6155829702431
246,25.17696249754888,-0.0002038995686108456,5.019713246713806,399.9498028675329,0.2519752107923406,1996.057350657239,100.3942649342761
247,25.17675760561428,-0.0002048089427389044,5.0110950884923,399.9498890491151,0.2511107398591165,1997.78098230154,100.221901769846
248,25.17655220082633,-0.0002052216807943504,5.004933178929321,399.9499506682107,0.2504935612554756,1999.013364214136,100.0986635785864
249,25.17634680758087,-0.000205140480071027,5.001233599085671,399.9499876640091,0.2501233751262342,1999.753280182866,100.0246719817134
250,25.17614190482191,-0.000204567619287644,5.000000000000001,399.95,0.2500000000000001,2000,100
251,25.17593771975075,-0.0002035041287505416,5.001233599085673,399.9499876640091,0.2501233751262343,1999.753280182866,100.0246719817134
252,25.17573494605092,-0.0002019526616927417,5.004933178929321,399.9499506682107,0.2504935612554756,1999.013364214136,100.0986635785864
253,25.17553407038196,-0.0001999148018096235,5.0110950884923,399.9498890491151,0.2511107398591165,1997.78098230154,100.221901769846
254,25.17533557520034,-0.0001973918792166904,5.019713246713806,399.9498028675329,0.2519752107923406,1996.057350657239,100.3942649342761
255,25.17513993875943,-0.000194384978215608,5.030779148512156,399.9496922085149,0.2530873884110469,1993.844170297569,100.6155829702431
256,25.17494763510948,-0.0001908949481164031,5.04428187317828,399.9495571812682,0.2544477961607498,1991.143625364344,100.8856374635656
257,25.17475913409768,-0.0001869224170656559,5.060208095153132,399.9493979190485,0.2560570596625328,1987.958380969374,101.2041619030626
258,25.17457490136811,-0.0001824678088161742,5.078542097178422,399.9492145790282,0.2579158983281341,1984.291580564316,101.5708419435684
259,25.17439543882429,-0.0001775315242109819,5.099265785807642,399.9490073421419,0.2600251155430843,1980.146842838471,101.9853157161528
260,25.17422118342139,-0.0001721135587584956,5.122358709262116,399.9487764129074,0.2623855874635345,1975.528258147577,102.4471741852423
261,25.17405259004441,-0.0001662138592198269,5.147798077614437,399.9485220192238,0.264998250478909,1970.440384477113,102.9559615522887
262,25.17389011123617,-0.0001598322701470112,5.175558785279373,399.9482444121472,0.2678640873988249,1964.888242944126,103.5111757055874
263,25.17373419558817,-0.0001529685574951411,5.205613435790048,399.9479438656421,0.2709841124287787,1958.87731284199,104.112268715801
264,25.17358528774059,-0.0001456224409525661,5.237932368834951,399.9476206763117,0.2743593550048892,1952.41352623301,104.758647376699
265,25.17344382838222,-0.0001377936284018846,5.272483689529082,399.9472751631047,0.277990842563502,1945.503262094184,105.4496737905816
266,25.17331025425057,-0.0001294818523489894,5.309233299890342,399.9469076670011,0.2818795823266449,1938.153340021932,106.1846659978068
267,25.17318547845345,-0.0001206888294354198,5.34814493249014,399.9465185506751,0.2860265421891997,1930.371013501972,106.9628986498028
268,25.17306984818439,-0.0001114141311412407,5.389180186244963,399.9461081981376,0.290432630798153,1922.163962751008,107.7836037248993
269,25.17296371989406,-0.0001016575257393695,5.432298564313595,399.9456770143569,0.2950986769184355,1913.540287137281,108.6459712862719
270,25.17286757118166,-9.141946835942493e-05,5.47745751406263,399.9452254248594,0.3000254081836117,1904.508497187474,109.5491502812526
271,25.17278187958995,-8.070065969375607e-05,5.524612469060776,399.9447538753094,0.3052134293330181,1895.077506187845,110.4922493812155
272,25.17270712260525,-6.950209034121713e-05,5.57371689306053,399.9442628310694,0.3106632000398832,1885.256621387894,111.4743378612106
273,25.17264377765746,-5.782508575492629e-05,5.624722325923853,399.9437527767408,0.3163750124374624,1875.05553481523,112.494446518477
274,25.17259232212006,-4.567135157570279e-05,5.677578431446474,399.9432242156855,0.322348968452262,1864.484313710705,113.5515686289295
275,25.17255323331009,-3.304301913027063e-05,5.732233047033633,399.9426776695296,0.3285849570550449,1853.553390593273,114.6446609406727
276,25.17252697091153,-1.994262056323337e-05,5.78863223517828,399.9421136776482,0.3350826315414509,1842.273552964344,115.7726447035656
277,25.17251387578635,-6.372729235895158e-06,5.846720336690872,399.9415327966331,0.3418413869547463,1830.655932661826,116.9344067338174
278,25.17251451378796,7.662620375023742e-06,5.906440025628277,399.9409355997437,0.3488603377634377,1818.711994874345,118.1288005125655
279,25.17252935109696,2.215918742461565e-05,5.967732365867558,399.9403226763413,0.356138295906232,1806.453526826488,119.3546473173512
280,25.17255885310993,3.711208619249162e-05,6.030536869268817,399.9396946313073,0.3636737493161054,1793.892626146237,120.6107373853763
281,25.17260348443947,5.251574431022865e-05,6.094791555369675,399.9390520844463,0.3714648410340551,1781.041688926065,121.8958311073935
282,25.1726637089142,6.836386238614922e-05,6.16043301255251,399.9383956698745,0.379509349021468,1767.913397489498,123.2086602510502
283,25.17273998957874,8.464937524091642e-05,6.227396460624075,399.9377260353938,0.3878046667779325,1754.520707875185,124.5479292124815
284,25.17283278869373,0.0001013644149626121,6.295615814745713,399.9370438418525,0.3963477848687633,1740.876837050857,125.9123162949143
285,25.17294256773583,0.0001185002759837238,6.365023750651135,399.9363497624935,0.4051352734635305,1726.995249869773,127.3004750130227
286,25.1730694448247,0.0001360487526680829,6.43555177108732,399.9356444822891,0.4141632659834514,1712.889645782536,128.7110354217464
287,25.17321366564294,0.0001540002253316101,6.507130273413049,399.9349286972659,0.4234274439516858,1698.57394531739,130.142605468261
288,25.17337593597472,0.0001723423023737661,6.579688618288305,399.9342031138171,0.4329230231363266,1684.062276342339,131.5937723657661
289,25.17355666612269,0.0001910628176517741,6.653155199386771,399.9334684480061,0.4426447410712723,1669.368960122646,133.0631039877354
290,25.17375626261867,0.0002101486415956574,6.72745751406263,399.9327254248594,0.4525868460351775,1654.508497187474,134.5491502812526
291,25.17397512822363,0.000229585662232178,6.802522234901931,399.931974777651,0.4627430875633515,1639.495553019614,136.0504446980386
292,25.17421366192769,0.0002493587694128533,6.878275282087866,399.9312172471791,0.4731067085618092,1624.344943582427,137.5655056417573
293,25.17447225895014,0.0002694518423728962,6.954641896508647,399.9304535810349,0.4836704390867338,1609.071620698271,139.0928379301729
294,25.17475131073945,0.0002898477407348955,7.03154671353569,399.9296845328647,0.4944264918463456,1593.690657292862,140.6309342707138
295,25.1750512049732,0.0003105282990585905,7.108913837399424,399.928910861626,0.50536655947569,1578.217232520115,142.1782767479885
296,25.17537086318456,0.0003314801745179738,7.186666916089241,399.9281333308391,0.5164818136281164,1562.666616782152,143.7333383217848
297,25.17571128852196,0.0003526806577527175,7.264729216703714,399.9273527078329,0.5277629059202855,1547.054156659257,145.2945843340743
298,25.17607295607727,0.0003741081172117937,7.343023701176718,399.9265697629882,0.5391999707604302,1531.395259764657,146.8604740235344
299,25.17645612899062,0.0003957407442021603,7.421473102304678,399.9257852689769,0.5507826300823182,1515.705379539064,148.4294620460936
300,25.1768610601198,0.0004175557595208088,7.499999999999999,399.925,0.5624999999999999,1500,150
301,25.17728799204024,0.0004395294306208779,7.578526897695325,399.924214731023,0.5743406993909153,1484.294620460935,151.5705379539065
302,25.17773715704502,0.0004616370926347397,7.656976298823285,399.9234302370118,0.5862928604074155,1468.604740235343,153.1395259764657
303,25.17820877714487,0.0004838531732388602,7.735270783296288,399.922647292167,0.5983441409091718,1452.945843340742,154.7054156659258
304,25.17870306406816,0.0005061512213300521,7.813333083910762,399.9218666691609,0.6104817388013446,1437.333383217848,156.2666616782152
305,25.17921976798733,0.0005285057445624193,7.891086162600579,399.921089138374,0.6226924082558634,1421.782767479884,157.8217232520116
306,25.17975747178359,0.0005508950684369236,7.968453286464312,399.9203154671354,0.634962477785639,1406.309342707138,159.3690657292862
307,25.18031751766495,0.0005732856696084685,8.045358103491358,399.9195464189651,0.6472778701341406,1390.928379301729,160.9071620698271
308,25.18089993598626,0.0005956485039258552,8.121724717912137,399.9187827528209,0.6596241239354498,1375.655056417573,162.4344943582427
309,25.18150473814949,0.0006179538815875925,8.197477765098075,399.918025222349,0.6719864170927733,1360.504446980385,163.9495553019615
310,25.18213191660378,0.0006401715172176716,8.272542485937366,399.9172745751407,0.6843495918163879,1345.491502812527,165.4508497187473
311,25.1827814448454,0.0006622705831288689,8.346844800613232,399.9165315519938,0.6966981812552414,1330.631039877354,166.9368960122646
312,25.18345327741781,0.000684219765628425,8.420311381711697,399.9157968861829,0.7090164376498355,1315.937723657661,168.4062276342339
313,25.1841473499116,0.0007059873242091519,8.492869726586953,399.9150713027341,0.7212883619277715,1301.426054682609,169.8573945317391
314,25.18486357896451,0.000727541153456472,8.564448228912685,399.9143555177109,0.7334977346572562,1287.110354217463,171.2889645782537
315,25.18560077149921,0.0007488532105395407,8.63497624934887,399.9136502375065,0.7456281482681909,1273.004750130226,172.6995249869774
316,25.18635856935096,0.0007698918034862545,8.704384185254289,399.9129561581474,0.7576630404450498,1259.123162949142,174.0876837050858
317,25.18713734753378,0.0007906220670462826,8.772603539375929,399.9122739646062,0.7695857285907108,1245.479292124814,175.4520707875186
318,25.18793682403383,0.000811011594376124,8.839566987447492,399.9116043301255,0.7813794452557152,1232.086602510502,176.7913397489498
319,25.18875669045774,0.0008310279870153582,8.905208444630327,399.9109479155537,0.793027374423153,1218.958311073935,178.1041688926065
320,25.18959661203264,0.0008506389289403413,8.969463130731183,399.9103053686927,0.8045126885354604,1206.107373853764,179.3892626146236
321,25.19045622760618,0.0008698122618672226,9.032267634132443,399.9096773236587,0.8158185861459648,1193.546473173511,180.6453526826489
322,25.19133514964643,0.0008885160615642013,9.093559974371727,399.9090644002563,0.8269283300749553,1181.288005125655,181.8711994874345
323,25.19223296424199,0.0009067187149270183,9.153279663309133,399.9084672033669,0.8378252859474856,1169.344067338174,183.0655932661826
324,25.19314806027627,0.0009243936808708619,9.211367764821723,399.9078863223518,0.8484929609879676,1157.726447035655,184.2273552964345
325,25.19408054276525,0.0009415079148288997,9.267766952966369,399.9073223304703,0.8589150429449554,1146.446609406726,185.3553390593274
326,25.19502991749421,0.0009580312080598001,9.32242156855353,399.9067757843144,0.8690754390183206,1135.515686289294,186.4484313710706
327,25.19599557208927,0.0009739343409635198,9.37527767407615,399.9062472232592,0.8789583146603072,1124.94446518477,187.505553481523
328,25.19697686204085,0.0009891888160800688,9.426283106939472,399.9057371689306,0.8885481321217248,1114.743378612105,188.5256621387894
329,25.19797311070363,0.001003766934415056,9.475387530939225,399.9052461246906,0.8978296886147854,1104.922493812155,189.5077506187845
330,25.1989836092966,0.001017641870743242,9.522542485937372,399.9047745751406,0.9067881539648229,1095.491502812526,190.4508497187474
331,25.20000761690303,0.001030787747636612,9.567701435686407,399.9043229856431,0.9154091076243575,1086.459712862719,191.3540287137281
332,25.20104447917327,0.001043179233156265,9.61081981375504,399.9038918018625,0.9236785749246645,1077.836037248992,192.2163962751008
333,25.20209376569248,0.001054791062114404,9.65185506750986,399.9034814493249,0.9315830624421577,1069.628986498028,193.0371013501972
334,25.20315438466082,0.00106560164607579,9.690766700109659,399.9030923329989,0.9391095923595425,1061.846659978068,193.8153340021932
335,25.20422550716363,0.001075589442755031,9.72751631047092,399.9027248368953,0.9462457357047778,1054.496737905816,194.5503262094184
336,25.20530627485456,0.001084734189290579,9.762067631165049,399.9023793236884,0.952979644354404,1047.58647376699,195.241352623301
337,25.20639579995562,0.001093016963561068,9.794386564209953,399.9020561343579,0.9593000816917645,1041.12268715801,195.887731284199
338,25.20749316525715,0.001100420242601435,9.824441214720629,399.9017555878528,0.9651964518150135,1035.111757055874,196.4888242944126
339,25.20859742411785,0.001106927957917765,9.852201922385563,399.9014779807761,0.9706588271945777,1029.559615522887,197.0440384477112
340,25.20970760046475,0.001112525547510815,9.877641290737884,399.9012235870926,0.9756779746848997,1024.471741852423,197.5528258147577
341,25.21082336438447,0.001117197302063688,9.90073421419236,399.9009926578581,0.9802453798007921,1019.853157161528,198.0146842838472
342,25.21194389890404,0.001120930942733045,9.921457902821579,399.9007854209718,0.9843532691746077,1015.708419435684,198.4291580564316
343,25.21306782620961,0.001123717957394734,9.939791904846869,399.9006020809516,0.9879946311165935,1012.041619030626,198.7958380969374
344,25.21419414892329,0.00112554987272137,9.955718126821722,399.9004428187318,0.9911632342072662,1008.856374635656,199.1143625364344
345,25.21532184662859,0.001126419901200439,9.969220851487847,399.9003077914851,0.9938536438574008,1006.155829702431,199.3844170297569
346,25.21644987587042,0.00112632297007473,9.980286753286194,399.9001971324672,0.9960612367781988,1003.942649342761,199.6057350657239
347,25.2175771701551,0.001125255746002442,9.988904911507699,399.9001109508849,0.9977822133114264,1002.21901769846,199.778098230154
348,25.21870263995037,0.001123216655351884,9.995066821070679,399.9000493317893,0.9990136075766795,1000.986635785864,199.9013364214136
349,25.21982517268536,0.001120205900059621,9.998766400914331,399.9000123359909,0.9997532954005333,1000.246719817134,199.9753280182866
350,25.22094561865036,0.001116217525398569,10,399.9,1,1000,200
351,25.22206191306321,0.001111258938548237,9.998766400914331,399.9000123359909,0.9997532954005333,1000.246719817134,199.9753280182866
352,25.22317286520007,0.001105335754353066,9.995066821070679,399.9000493317893,0.9990136075766795,1000.986635785864,199.9013364214136
353,25.22427744295746,0.00109845465479302,9.988904911507699,399.9001109508849,0.9977822133114264,1002.21901769846,199.778098230154
354,25.22537460239432,0.001090624063979126,9.980286753286194,399.9001971324672,0.9960612367781988,1003.942649342761,199.6057350657239
355,25.22646328773207,0.001081854136786535,9.969220851487846,399.9003077914851,0.9938536438574005,1006.155829702431,199.3844170297569
356,25.22754243135454,0.001072156742996361,9.955718126821722,399.9004428187318,0.9911632342072662,1008.856374635656,199.1143625364344
357,25.22861095380804,0.001061545447001011,9.939791904846869,399.9006020809516,0.9879946311165935,1012.041619030626,198.7958380969374
358,25.22966831402724,0.00105003328224027,9.921457902821579,399.9007854209718,0.9843532691746077,1015.708419435684,198.4291580564316
359,25.23071530276415,0.00103762954854497,9.900734214192358,399.9009926578581,0.9802453798007917,1019.853157161528,198.0146842838471
360,25.23174954127,0.001024357784289806,9.877641290737884,399.9012235870926,0.9756779746848997,1024.471741852423,197.5528258147577
361,25.23277010549042,0.001010237232427474,9.852201922385563,399.9014779807761,0.9706588271945777,1029.559615522887,197.0440384477112
362,25.23377607328833,0.0009952886104767111,9.824441214720629,399.9017555878528,0.9651964518150135,1035.111757055874,196.4888242944126
363,25.23476652444395,0.0009795340656077358,9.794386564209953,399.9020561343579,0.9593000816917645,1041.12268715801,195.887731284199
364,25.2357405406548,0.0009629971260895978,9.762067631165049,399.9023793236884,0.952979644354404,1047.58647376699,195.241352623301
365,25.23669720553568,0.0009457026492668188,9.727516310470918,399.9027248368953,0.9462457357047773,1054.496737905816,194.5503262094184
366,25.23763560461869,0.0009276767662443168,9.690766700109659,399.9030923329989,0.9391095923595425,1061.846659978068,193.8153340021932
367,25.23855692274203,0.0009089384339161763,9.65185506750986,399.9034814493249,0.9315830624421577,1069.628986498028,193.0371013501972
368,25.23946074899872,0.0008895141538544333,9.610819813755038,399.9038918018625,0.9236785749246641,1077.836037248992,192.2163962751007
369,25.24034491862209,0.0008694385407603582,9.567701435686406,399.9043229856431,0.915409107624357,1086.459712862719,191.3540287137281
370,25.24120864392975,0.0008487417322106619,9.522542485937365,399.9047745751406,0.9067881539648217,1095.491502812527,190.4508497187473
371,25.24205113723932,0.0008274548282722965,9.475387530939225,399.9052461246906,0.8978296886147854,1104.922493812155,189.5077506187845
372,25.24287161086843,0.0008056098207697122,9.42628310693947,399.9057371689306,0.8885481321217243,1114.743378612106,188.5256621387894
373,25.24366927713472,0.0007832395207817291,9.375277674076148,399.9062472232592,0.8789583146603067,1124.94446518477,187.505553481523
374,25.24444334835579,0.0007603774846134772,9.322421568553528,399.9067757843144,0.8690754390183203,1135.515686289295,186.4484313710706
375,25.24519303684927,0.00073705793849282,9.267766952966367,399.9073223304703,0.858915042944955,1146.446609406726,185.3553390593273
376,25.2459227888106,0.0007132947667335514,9.211367764821722,399.9078863223518,0.8484929609879671,1157.726447035656,184.2273552964344
377,25.24662905207069,0.0006891343636122042,9.153279663309128,399.9084672033669,0.8378252859474847,1169.344067338174,183.0655932661826
378,25.24731070296174,0.0006646138483029456,9.093559974371724,399.9090644002563,0.8269283300749547,1181.288005125655,181.8711994874345
379,25.24796715577661,0.0006397685491855021,9.032267634132442,399.9096773236587,0.8158185861459646,1193.546473173512,180.6453526826488
380,25.24859782480814,0.000614634077838359,8.96946313073118,399.9103053686927,0.8045126885354599,1206.107373853764,179.3892626146236
381,25.24920212434919,0.0005892462514495489,8.905208444630325,399.9109479155537,0.7930273744231526,1218.958311073935,178.1041688926065
382,25.2497794686926,0.0005636410157410239,8.839566987447489,399.9116043301255,0.7813794452557147,1232.086602510502,176.7913397489498
383,25.25033178401981,0.0005378443211021806,8.772603539375927,399.9122739646062,0.7695857285907104,1245.479292124815,175.4520707875185
384,25.25086068517717,0.0005118833401814067,8.704384185254288,399.9129561581474,0.7576630404450495,1259.123162949143,174.0876837050857
385,25.25136328062405,0.0004858031740401878,8.634976249348865,399.9136502375065,0.7456281482681899,1273.004750130227,172.6995249869773
386,25.25183924342845,0.0004596384956007286,8.564448228912683,399.9143555177109,0.7334977346572559,1287.110354217464,171.2889645782537
387,25.25228824665839,0.0004334237372219902,8.492869726586951,399.9150713027341,0.7212883619277711,1301.42605468261,169.857394531739
388,25.2527099633819,0.0004071930217720851,8.420311381711695,399.9157968861829,0.7090164376498352,1315.937723657661,168.4062276342339
389,25.25310406666699,0.0003809800958425393,8.346844800613225,399.9165315519938,0.6966981812552402,1330.631039877355,166.9368960122645
390,25.25347369395268,0.0003548044078220494,8.272542485937366,399.9172745751407,0.6843495918163879,1345.491502812527,165.4508497187473
391,25.25381795468905,0.0003287010154293546,8.197477765098069,399.918025222349,0.6719864170927724,1360.504446980386,163.9495553019614
392,25.25413581161017,0.000302705001430208,8.121724717912134,399.9187827528209,0.6596241239354492,1375.655056417573,162.4344943582427
393,25.25442718973638,0.0002768469813227774,8.045358103491354,399.9195464189651,0.6472778701341401,1390.928379301729,160.9071620698271
394,25.25469201408795,0.00025115689921946,7.968453286464309,399.9203154671354,0.6349624777856385,1406.309342707138,159.3690657292862
395,25.25493020968523,0.0002256639777708027,7.891086162600577,399.921089138374,0.622692408255863,1421.782767479885,157.8217232520115
396,25.25514413591671,0.0002003869339358542,7.81333308391076,399.9218666691609,0.6104817388013443,1437.333383217848,156.2666616782152
397,25.25533363174081,0.0001753537548550845,7.735270783296286,399.922647292167,0.5983441409091714,1452.945843340743,154.7054156659257
398,25.25549807457218,0.0001505934225261074,7.656976298823283,399.9234302370118,0.586292860407415,1468.604740235343,153.1395259764656
399,25.25563761543813,0.0001261309370293266,7.578526897695318,399.924214731023,0.5743406993909143,1484.294620460937,151.5705379539064
400,25.25575240536599,0.0001019903785360574,7.499999999999997,399.925,0.5624999999999996,1500.000000000001,149.9999999999999
401,25.25584259538307,7.819487863234742e-05,7.421473102304676,399.9257852689769,0.5507826300823179,1515.705379539065,148.4294620460935
402,25.25591013537037,5.475940003936164e-05,7.343023701176715,399.9265697629882,0.5391999707604299,1531.395259764657,146.8604740235343
403,25.25595528025511,3.170469082013816e-05,7.264729216703713,399.9273527078329,0.5277629059202854,1547.054156659258,145.2945843340742
404,25.25597770646879,9.052801381069564e-06,7.186666916089239,399.9281333308391,0.5164818136281162,1562.666616782152,143.7333383217848
405,25.25597775020809,-1.317788188096269e-05,7.108913837399422,399.928910861626,0.5053665594756898,1578.217232520116,142.1782767479884
406,25.25595574766966,-3.497000698594777e-05,7.031546713535689,399.9296845328647,0.4944264918463455,1593.690657292862,140.6309342707138
407,25.25591203505017,-5.630726202722469e-05,6.954641896508644,399.9304535810349,0.4836704390867335,1609.071620698271,139.0928379301729
408,25.25584744927626,-7.717637998140803e-05,6.878275282087863,399.9312172471791,0.4731067085618087,1624.344943582427,137.5655056417573
409,25.25576240064197,-9.756342744119339e-05,6.802522234901923,399.931974777651,0.4627430875633506,1639.495553019615,136.0504446980385
410,25.25565706852128,-0.0001174545820147674,6.727457514062628,399.9327254248594,0.4525868460351772,1654.508497187474,134.5491502812526
411,25.25553184352895,-0.0001368378919732671,6.65315519938677,399.9334684480061,0.4426447410712722,1669.368960122646,133.0631039877354
412,25.25538711627976,-0.0001557024188463866,6.579688618288303,399.9342031138171,0.4329230231363264,1684.062276342339,131.5937723657661
413,25.25522327738847,-0.0001740382216505247,6.507130273413047,399.9349286972659,0.4234274439516855,1698.573945317391,130.1426054682609
414,25.25504172646965,-0.0001918403739117086,6.435551771087318,399.9356444822891,0.4141632659834512,1712.889645782536,128.7110354217463
415,25.25484310363184,-0.0002091018676002932,6.365023750651133,399.9363497624935,0.4051352734635302,1726.995249869773,127.3004750130226
416,25.25462742873019,-0.0002258141451832272,6.295615814745712,399.9370438418525,0.3963477848687632,1740.876837050858,125.9123162949142
417,25.25439520842323,-0.000241971500137068,6.227396460624071,399.9377260353938,0.3878046667779321,1754.520707875186,124.5479292124814
418,25.2541469493695,-0.0002575690994350601,6.16043301255251,399.9383956698745,0.3795093490214679,1767.913397489498,123.2086602510502
419,25.25388315822751,-0.0002726029508419284,6.094791555369671,399.9390520844463,0.3714648410340546,1781.041688926066,121.8958311073934
420,25.25360452584432,-0.0002870706047450848,6.030536869268815,399.9396946313073,0.3636737493161052,1793.892626146237,120.6107373853763
421,25.25331165774756,-0.0003009700391777888,5.967732365867557,399.9403226763413,0.3561382959062319,1806.453526826489,119.3546473173511
422,25.25300501358381,-0.0003142993788083638,5.906440025628274,399.9409355997437,0.3488603377634372,1818.711994874345,118.1288005125655
423,25.25268515359484,-0.0003270578404698808,5.846720336690868,399.9415327966331,0.3418413869547458,1830.655932661826,116.9344067338174
424,25.25235264283486,-0.0003392453082565429,5.788632235178278,399.9421136776482,0.3350826315414506,1842.273552964345,115.7726447035655
425,25.25200805117053,-0.0003508622905720343,5.732233047033631,399.9426776695296,0.3285849570550447,1853.553390593274,114.6446609406726
426,25.2516519754978,-0.0003619099650866792,5.67757843144647,399.9432242156855,0.3223489684522616,1864.484313710706,113.5515686289294
427,25.25128501009897,-0.0003723900155209479,5.624722325923852,399.9437527767408,0.3163750124374622,1875.05553481523,112.494446518477
428,25.25090773241158,-0.0003823045295665684,5.573716893060528,399.9442628310694,0.310663200039883,1885.256621387894,111.4743378612105
429,25.2505207384216,-0.0003916560950203759,5.524612469060773,399.9447538753094,0.3052134293330177,1895.077506187846,110.4922493812154
430,25.25012462954614,-0.0004004477018173194,5.47745751406263,399.9452254248594,0.3000254081836117,1904.508497187474,109.5491502812526
431,25.24972001263343,-0.0004086826966968573,5.432298564313594,399.9456770143569,0.2950986769184354,1913.540287137281,108.6459712862719
432,25.24930730320947,-0.0004163639512415743,5.38918018624496,399.9461081981376,0.2904326307981527,1922.163962751008,107.7836037248992
433,25.24888695961151,-0.0004234947540676584,5.34814493249014,399.9465185506751,0.2860265421891997,1930.371013501972,106.9628986498028
434,25.24845967762257,-0.0004300795458369904,5.309233299890342,399.9469076670011,0.2818795823266449,1938.153340021932,106.1846659978068
435,25.24802602094628,-0.0004361223986581185,5.27248368952908,399.9472751631047,0.2779908425635019,1945.503262094184,105.4496737905816
436,25.24758655285836,-0.0004416275014236689,5.237932368834951,399.9476206763117,0.2743593550048892,1952.41352623301,104.758647376699
437,25.24714183620661,-0.0004465991199688925,5.205613435790048,399.9479438656421,0.2709841124287787,1958.87731284199,104.112268715801
438,25.24669243341092,-0.0004510415588460338,5.175558785279371,399.9482444121472,0.2678640873988248,1964.888242944126,103.5111757055874
439,25.24623890646326,-0.0004549591248952152,5.147798077614436,399.9485220192238,0.2649982504789088,1970.440384477113,102.9559615522887
440,25.24578172403285,-0.000458355721204312,5.122358709262116,399.9487764129074,0.2623855874635345,1975.528258147577,102.4471741852423
441,25.24532123344532,-0.0004612347026950992,5.099265785807642,399.9490073421419,0.2600251155430843,1980.146842838472,101.9853157161528
442,25.24485812529686,-0.0004636007045311781,5.078542097178422,399.9492145790282,0.2579158983281341,1984.291580564316,101.5708419435684
443,25.24439292459957,-0.0004654575790732133,5.060208095153132,399.9493979190485,0.2560570596625328,1987.958380969374,101.2041619030626
444,25.24392615311488,-0.0004668090201380101,5.044281873178278,399.9495571812682,0.2544477961607496,1991.143625364344,100.8856374635655
445,25.24345832935354,-0.0004676585405920677,5.030779148512156,399.9496922085149,0.2530873884110469,1993.844170297569,100.6155829702431
446,25.24298996857563,-0.000468009452717846,5.019713246713806,399.9498028675329,0.2519752107923406,1996.057350657239,100.3942649342761
447,25.24252158279055,-0.0004678648514439743,5.0110950884923,399.9498890491151,0.2511107398591165,1997.78098230154,100.221901769846
448,25.24205366947135,-0.0004672275553744479,5.004933178929321,399.9499506682107,0.2504935612554756,1999.013364214136,100.0986635785864
449,25.24158660471088,-0.0004660996685910601,5.001233599085671,399.9499876640091,0.2501233751262342,1999.753280182866,100.0246719817134
450,25.24112096532987,-0.0004644838613194648,5.000000000000001,399.95,0.2500000000000001,2000,100
451,25.24065723787034,-0.0004623822012288948,5.001233599085673,399.9499876640091,0.2501233751262343,1999.753280182866,100.0246719817134
452,25.24019590469143,-0.0004597964962547802,5.004933178929321,399.9499506682107,0.2504935612554756,1999.013364214136,100.0986635785864
453,25.23973744396937,-0.0004567282961592667,5.0110950884923,399.9498890491151,0.2511107398591165,1997.78098230154,100.221901769846
454,25.2392823296975,-0.0004531788972052999,5.019713246713806,399.9498028675329,0.2519752107923406,1996.057350657239,100.3942649342761
455,25.23883103168623,-0.0004491493499228327,5.030779148512156,399.9496922085149,0.2530873884110469,1993.844170297569,100.6155829702431
456,25.23838401556311,-0.0004446404699309257,5.04428187317828,399.9495571812682,0.2544477961607498,1991.143625364344,100.8856374635656
457,25.23794190240182,-0.0004396534902822077,5.060208095153132,399.9493979190485,0.2560570596625328,1987.958380969374,101.2041619030626
458,25.23750508705087,-0.000434188551547212,5.078542097178424,399.9492145790282,0.2579158983281343,1984.291580564315,101.5708419435685
459,25.23707401966356,-0.000428245847568055,5.099265785807642,399.9490073421419,0.2600251155430843,1980.146842838471,101.9853157161528
460,25.23664916509422,-0.0004218254854498286,5.122358709262116,399.9487764129074,0.2623855874635345,1975.528258147577,102.4471741852423
461,25.23623098509983,-0.0004149274394414882,5.147798077614437,399.9485220192238,0.264998250478909,1970.440384477113,102.9559615522887
462,25.23581993833993,-0.0004075515785620682,5.175558785279373,399.9482444121472,0.2678640873988249,1964.888242944126,103.5111757055874
463,25.23541648037666,-0.0003996976966490972,5.205613435790048,399.9479438656421,0.2709841124287787,1958.87731284199,104.112268715801
464,25.23502106367479,-0.0003913655446893657,5.237932368834951,399.9476206763117,0.2743593550048892,1952.41352623301,104.758647376699
465,25.2346343342835,-0.0003825556520070039,5.272483689529082,399.9472751631047,0.277990842563502,1945.503262094184,105.4496737905816
466,25.23425675235715,-0.0003732678447753002,5.309233299890342,399.9469076670011,0.2818795823266449,1938.153340021932,106.1846659978068
467,25.23388870586637,-0.0003635017390870954,5.34814493249014,399.9465185506751,0.2860265421891997,1930.371013501972,106.9628986498028
468,25.23353066173437,-0.0003532573853411898,5.389180186244964,399.9461081981376,0.2904326307981531,1922.163962751007,107.7836037248993
469,25.23318308564031,-0.0003425349887243522,5.432298564313597,399.9456770143569,0.2950986769184357,1913.540287137281,108.6459712862719
470,25.23284644201928,-0.0003313349517099108,5.477457514062634,399.9452254248594,0.3000254081836121,1904.508497187473,109.5491502812527
471,25.23252119406238,-0.0003196579175834791,5.524612469060776,399.9447538753094,0.3052134293330181,1895.077506187845,110.4922493812155
472,25.23220780371663,-0.0003075048147867539,5.573716893060528,399.9442628310694,0.310663200039883,1885.256621387894,111.4743378612105
473,25.23190678639198,-0.0002948771206930145,5.624722325923853,399.9437527767408,0.3163750124374624,1875.05553481523,112.494446518477
474,25.231618654769,-0.00028177668217148,5.677578431446472,399.9432242156855,0.3223489684522618,1864.484313710706,113.5515686289294
475,25.23134382374659,-0.0002682053808762628,5.732233047033633,399.9426776695296,0.3285849570550449,1853.553390593274,114.6446609406727
476,25.23108276170185,-0.0002541657837244945,5.788632235178278,399.9421136776482,0.3350826315414506,1842.273552964344,115.7726447035655
477,25.23083593656709,-0.000239660972358852,5.84672033669087,399.9415327966331,0.341841386954746,1830.655932661826,116.9344067338174
478,25.23060381582986,-0.0002246945877925468,5.906440025628278,399.9409355997437,0.3488603377634377,1818.711994874344,118.1288005125656
479,25.23038686653293,-0.0002092708743192624,5.967732365867562,399.9403226763413,0.3561382959062325,1806.453526826488,119.3546473173512
480,25.23018555527433,-0.0001933947224651018,6.03053686926882,399.9396946313073,0.3636737493161059,1793.892626146236,120.6107373853764
481,25.23000024901314,-0.0001770713139844688,6.094791555369675,399.9390520844463,0.3714648410340551,1781.041688926065,121.8958311073935
482,25.22983109110807,-0.0001603056663893346,6.16043301255251,399.9383956698745,0.379509349021468,1767.913397489498,123.2086602510502
483,25.22967880494291,-0.0001431058862157627,6.227396460624073,399.9377260353938,0.3878046667779323,1754.520707875186,124.5479292124814
484,25.22954384062314,-0.0001254797927550211,6.295615814745713,399.9370438418525,0.3963477848687633,1740.876837050857,125.9123162949143
485,25.22942664825421,-0.0001074360460897986,6.365023750651135,399.9363497624935,0.4051352734635305,1726.995249869773,127.3004750130227
486,25.2293276779416,-8.898417979948747e-05,6.43555177108732,399.9356444822891,0.4141632659834514,1712.889645782536,128.7110354217464
487,25.22924737979076,-7.013463125965302e-05,6.507130273413049,399.9349286972659,0.4234274439516858,1698.57394531739,130.142605468261
488,25.22918620390714,-5.089876935592119e-05,6.57968861828831,399.9342031138171,0.4329230231363273,1684.062276342338,131.5937723657662
489,25.22914460039623,-3.128891944238299e-05,6.653155199386774,399.9334684480061,0.4426447410712727,1669.368960122645,133.0631039877355
490,25.22912301936348,-1.131838538355356e-05,6.727457514062635,399.9327254248594,0.4525868460351781,1654.508497187473,134.5491502812527
491,25.22911999971259,9.006176276339928e-06,6.802522234901931,399.931974777651,0.4627430875633515,1639.495553019614,136.0504446980386
492,25.22913722256067,2.966452688093823e-05,6.878275282087866,399.9312172471791,0.4731067085618092,1624.344943582427,137.5655056417573
493,25.22917513347527,5.064034427240327e-05,6.954641896508647,399.9304535810349,0.4836704390867338,1609.071620698271,139.0928379301729
494,25.22923411963783,7.191650514138449e-05,7.03154671353569,399.9296845328647,0.4944264918463456,1593.690657292862,140.6309342707138
495,25.2293145682298,9.347484603219547e-05,7.108913837399424,399.928910861626,0.50536655947569,1578.217232520115,142.1782767479885
496,25.22941686643262,0.0001152961615257442,7.186666916089241,399.9281333308391,0.5164818136281164,1562.666616782152,143.7333383217848
497,25.22954140142775,0.0001373602061295607,7.264729216703714,399.9273527078329,0.5277629059202855,1547.054156659257,145.2945843340743
498,25.22968856039663,0.000159645699934349,7.343023701176721,399.9265697629882,0.5391999707604307,1531.395259764656,146.8604740235344
499,25.2298587305207,0.000182130338081852,7.421473102304683,399.9257852689769,0.550782630082319,1515.705379539063,148.4294620460936
500,25.23004966102038,0.0002048013559184778,7.500000000000004,399.925,0.5625000000000006,1499.999999999999,150.0000000000001
501,25.23026222799905,0.000227632486785635,7.578526897695323,399.924214731023,0.5743406993909149,1484.294620460935,151.5705379539064
502,25.23049767132759,0.0002505950355044544,7.656976298823285,399.9234302370118,0.5862928604074155,1468.604740235343,153.1395259764657
503,25.23075625996604,0.0002736632419541714,7.735270783296286,399.922647292167,0.5983441409091714,1452.945843340743,154.7054156659257
504,25.23103826287443,0.0002968104261049777,7.813333083910762,399.9218666691609,0.6104817388013446,1437.333383217848,156.2666616782152
505,25.23134394901277,0.0003200090204606556,7.891086162600579,399.921089138374,0.6226924082558634,1421.782767479884,157.8217232520116
506,25.2316735873411,0.0003432306062068957,7.968453286464312,399.9203154671354,0.634962477785639,1406.309342707138,159.3690657292862
507,25.23202744681945,0.0003664459529904906,8.045358103491358,399.9195464189651,0.6472778701341406,1390.928379301729,160.9071620698271
508,25.23240407039148,0.0003896319663049876,8.121724717912141,399.9187827528209,0.6596241239354503,1375.655056417572,162.4344943582428
509,25.23280120418952,0.0004127680174274502,8.197477765098077,399.918025222349,0.6719864170927735,1360.504446980385,163.9495553019615
510,25.23322151532009,0.000435813122352406,8.27254248593737,399.9172745751407,0.6843495918163884,1345.491502812526,165.4508497187474
511,25.23366508781109,0.0004587360112661207,8.346844800613228,399.9165315519938,0.6966981812552407,1330.631039877355,166.9368960122646
512,25.23413200569043,0.0004815048525379504,8.420311381711697,399.9157968861829,0.7090164376498355,1315.937723657661,168.4062276342339
513,25.23462235298602,0.0005040873119114691,8.492869726586958,399.9150713027341,0.7212883619277725,1301.426054682609,169.8573945317391
514,25.23513621372576,0.0005264506144114593,8.564448228912683,399.9143555177109,0.7334977346572559,1287.110354217464,171.2889645782537
515,25.23567367193758,0.0005485616087860641,8.634976249348872,399.9136502375065,0.7456281482681912,1273.004750130226,172.6995249869775
516,25.23623031837871,0.0005704048073752483,8.704384185254288,399.9129561581474,0.7576630404450495,1259.123162949142,174.0876837050857
517,25.23680812758283,0.0005919389468501195,8.772603539375934,399.9122739646062,0.7695857285907117,1245.479292124814,175.4520707875187
518,25.23740760207424,0.000613128482214476,8.839566987447492,399.9116043301255,0.7813794452557152,1232.086602510502,176.7913397489498
519,25.23802859921117,0.0006339403520016294,8.905208444630331,399.9109479155537,0.7930273744231536,1218.958311073934,178.1041688926066
520,25.23867097635183,0.0006543414716635849,8.969463130731183,399.9103053686927,0.8045126885354604,1206.107373853764,179.3892626146236
521,25.23933459085445,0.0006742988088741111,9.032267634132443,399.9096773236587,0.8158185861459648,1193.546473173511,180.6453526826489
522,25.24001893444091,0.0006937809223862508,9.093559974371727,399.9090644002563,0.8269283300749553,1181.288005125654,181.8711994874346
523,25.24071987349646,0.0007127710779091332,9.153279663309133,399.9084672033669,0.8378252859474856,1169.344067338174,183.0655932661826
524,25.24143975165179,0.0007312269153687785,9.211367764821727,399.9078863223518,0.8484929609879681,1157.726447035655,184.2273552964345
525,25.2421781954268,0.0007491173041827281,9.267766952966369,399.9073223304703,0.8589150429449554,1146.446609406726,185.3553390593274
526,25.24293483134137,0.0007664115526711797,9.322421568553532,399.9067757843144,0.8690754390183208,1135.515686289294,186.4484313710706
527,25.24370928591538,0.0007830794856590828,9.37527767407615,399.9062472232592,0.8789583146603072,1124.94446518477,187.505553481523
528,25.24450113713115,0.0007990917157188566,9.426283106939477,399.9057371689306,0.8885481321217258,1114.743378612105,188.5256621387895
529,25.24530642529442,0.0008144336760518929,9.475387530939225,399.9052461246906,0.8978296886147854,1104.922493812155,189.5077506187845
530,25.24612677117494,0.000829069223229874,9.52254248593737,399.9047745751406,0.9067881539648227,1095.491502812526,190.4508497187474
531,25.24696157723488,0.0008429719063092038,9.567701435686404,399.9043229856431,0.9154091076243568,1086.459712862719,191.3540287137281
532,25.24781024593637,0.0008561161661038445,9.61081981375504,399.9038918018625,0.9236785749246645,1077.836037248992,192.2163962751008
533,25.24867217974158,0.0008684774059180009,9.651855067509864,399.9034814493249,0.9315830624421584,1069.628986498028,193.0371013501972
534,25.24954678111265,0.0008800320602684754,9.690766700109659,399.9030923329989,0.9391095923595425,1061.846659978068,193.8153340021932
535,25.25043113824782,0.00089076691841828,9.727516310470923,399.9027248368953,0.9462457357047785,1054.496737905816,194.5503262094184
536,25.25132571172273,0.0009006564418178804,9.762067631165049,399.9023793236884,0.952979644354404,1047.58647376699,195.241352623301
537,25.25222986677591,0.0009096806962798922,9.794386564209956,399.9020561343579,0.9593000816917652,1041.122687158009,195.8877312841991
538,25.25314284453229,0.0009178215255008604,9.824441214720629,399.9017555878528,0.9651964518150135,1035.111757055874,196.4888242944126
539,25.25406388611681,0.0009250621099219007,9.852201922385566,399.9014779807761,0.9706588271945785,1029.559615522887,197.0440384477113
540,25.25499223265441,0.0009313870187521485,9.877641290737884,399.9012235870926,0.9756779746848997,1024.471741852423,197.5528258147577
541,25.25592524272403,0.0009367897887054688,9.90073421419236,399.9009926578581,0.9802453798007921,1019.853157161528,198.0146842838472
542,25.25686277788482,0.0009412554268099513,9.921457902821579,399.9007854209718,0.9843532691746077,1015.708419435684,198.4291580564316
543,25.25780418226663,0.0009447725331666584,9.939791904846869,399.9006020809516,0.9879946311165935,1012.041619030626,198.7958380969374
544,25.2587485509483,0.0009473322646213427,9.955718126821722,399.9004428187318,0.9911632342072662,1008.856374635655,199.1143625364344
545,25.25969497900861,0.0009489273716803446,9.969220851487847,399.9003077914851,0.9938536438574008,1006.155829702431,199.3844170297569
546,25.2606425615264,0.0009495522274508157,9.980286753286197,399.9001971324672,0.9960612367781996,1003.942649342761,199.6057350657239
547,25.26159031184122,0.0009492031792579819,9.988904911507699,399.9001109508849,0.9977822133114264,1002.21901769846,199.778098230154
548,25.26253733941722,0.0009478778574844872,9.995066821070679,399.9000493317893,0.9990136075766795,1000.986635785864,199.9013364214136
549,25.26348275074862,0.0009455755878065779,9.998766400914331,399.9000123359909,0.9997532954005333,1000.246719817134,199.9753280182866
550,25.26442563379429,0.0009422974648228442,10,399.9,1,1000,200
551,25.26536507651306,0.0009380462847488267,9.998766400914331,399.9000123359909,0.9997532954005333,1000.246719817134,199.9753280182866
552,25.26630016686379,0.0009328265476982003,9.995066821070679,399.9000493317893,0.9990136075766795,1000.986635785864,199.9013364214136
553,25.26722961949283,0.000926645948651544,9.988904911507699,399.9001109508849,0.9977822133114264,1002.21901769846,199.778098230154
554,25.26815251770912,0.0009195124027199079,9.980286753286194,399.9001971324672,0.9960612367781988,1003.942649342761,199.6057350657239
555,25.26906804040859,0.0009114351260804369,9.969220851487846,399.9003077914851,0.9938536438574005,1006.155829702431,199.3844170297569
556,25.26997523864107,0.0009024255138502662,9.955718126821722,399.9004428187318,0.9911632342072662,1008.856374635656,199.1143625364344
557,25.27087316345638,0.0008924966084076566,9.939791904846869,399.9006020809516,0.9879946311165935,1012.041619030627,198.7958380969374
558,25.27176086590438,0.0008816630747317107,9.921457902821579,399.9007854209718,0.9843532691746077,1015.708419435684,198.4291580564316
559,25.27263739703489,0.0008699411714620302,9.900734214192356,399.9009926578581,0.9802453798007913,1019.853157161529,198.0146842838471
560,25.27350180789775,0.0008573487177788064,9.877641290737884,399.9012235870926,0.9756779746848997,1024.471741852423,197.5528258147577
561,25.27435314954279,0.0008439050562179804,9.852201922385563,399.9014779807761,0.9706588271945777,1029.559615522887,197.0440384477112
562,25.27519047301985,0.0008296310115506079,9.824441214720627,399.9017555878528,0.9651964518150132,1035.111757055875,196.4888242944125
563,25.27601282937878,0.0008145488458684143,9.794386564209953,399.9020561343579,0.9593000816917645,1041.12268715801,195.887731284199
564,25.27681926966939,0.0007986822100312372,9.762067631165046,399.9023793236884,0.9529796443544032,1047.586473766991,195.2413526233009
565,25.27761058229798,0.0007820491422176286,9.727516310470918,399.9027248368953,0.9462457357047773,1054.496737905816,194.5503262094184
566,25.27838625939283,0.000764674147147757,9.690766700109657,399.9030923329989,0.9391095923595423,1061.846659978069,193.8153340021931
567,25.2791441246156,0.0007465896264219078,9.65185506750986,399.9034814493249,0.9315830624421577,1069.628986498028,193.0371013501972
568,25.27988331051192,0.0007278239078016475,9.610819813755036,399.9038918018625,0.9236785749246639,1077.836037248993,192.2163962751007
569,25.28060294962742,0.0007084064167390409,9.567701435686407,399.9043229856431,0.9154091076243575,1086.459712862719,191.3540287137281
570,25.28130217450773,0.0006883676098987424,9.52254248593737,399.9047745751406,0.9067881539648227,1095.491502812527,190.4508497187474
571,25.28198011769847,0.0006677389064357047,9.475387530939228,399.9052461246906,0.8978296886147861,1104.922493812155,189.5077506187845
572,25.28263801158548,0.0006465442179015453,9.426283106939472,399.9057371689306,0.8885481321217248,1114.743378612106,188.5256621387894
573,25.28327660978452,0.0006248101901825523,9.375277674076147,399.9062472232592,0.8789583146603065,1124.944465184771,187.5055534815229
574,25.28389320764122,0.0006025780474717724,9.322421568553528,399.9067757843144,0.8690754390183203,1135.515686289294,186.4484313710706
575,25.28448712181257,0.0005798815986396392,9.267766952966365,399.9073223304703,0.8589150429449547,1146.446609406727,185.3553390593273
576,25.28505766895557,0.0005567552461536536,9.211367764821722,399.9078863223518,0.8484929609879671,1157.726447035656,184.2273552964344
577,25.28560416572722,0.0005332339089860969,9.153279663309126,399.9084672033669,0.8378252859474843,1169.344067338175,183.0655932661825
578,25.2861259287845,0.0005093529450119092,9.093559974371725,399.9090644002563,0.8269283300749549,1181.288005125655,181.8711994874345
579,25.28662389730733,0.0004851415830626096,9.032267634132436,399.9096773236587,0.8158185861459636,1193.546473173512,180.6453526826487
580,25.28709958901527,0.0004606270210098271,8.969463130731183,399.9103053686927,0.8045126885354604,1206.107373853763,179.3892626146237
581,25.28755046732733,0.0004358528795369918,8.905208444630325,399.9109479155537,0.7930273744231526,1218.958311073935,178.1041688926065
582,25.28797608177474,0.0004108545634124676,8.839566987447487,399.9116043301255,0.7813794452557145,1232.086602510503,176.7913397489497
583,25.28837598188877,0.0003856675296263563,8.772603539375927,399.9122739646062,0.7695857285907104,1245.479292124814,175.4520707875186
584,25.28874971720064,0.0003603272120875187,8.704384185254284,399.9129561581474,0.757663040445049,1259.123162949143,174.0876837050857
585,25.28909689919597,0.0003348686997525072,8.634976249348865,399.9136502375065,0.7456281482681899,1273.004750130227,172.6995249869773
586,25.28942137937673,0.0003093099518075766,8.56444822891268,399.9143555177109,0.7334977346572553,1287.110354217464,171.2889645782536
587,25.28972023189688,0.0002836957962680244,8.492869726586951,399.9150713027341,0.7212883619277711,1301.42605468261,169.857394531739
588,25.2899932540864,0.0002580598589540797,8.42031138171169,399.9157968861829,0.7090164376498342,1315.937723657662,168.4062276342338
589,25.29024024327527,0.0002324353894093993,8.346844800613232,399.9165315519938,0.6966981812552414,1330.631039877354,166.9368960122646
590,25.29046099679348,0.0002068551964588658,8.272542485937366,399.9172745751407,0.6843495918163879,1345.491502812527,165.4508497187473
591,25.29065531197103,0.0001813515863014403,8.197477765098068,399.918025222349,0.6719864170927722,1360.504446980387,163.9495553019613
592,25.2908249998892,0.0001559482483140864,8.121724717912135,399.9187827528209,0.6596241239354496,1375.655056417573,162.4344943582427
593,25.2909700963813,0.0001306753547430613,8.045358103491351,399.9195464189651,0.6472778701341395,1390.92837930173,160.907162069827
594,25.29108973444468,0.000105566017792577,7.968453286464312,399.9203154671354,0.634962477785639,1406.309342707138,159.3690657292862
595,25.29118390946747,8.064917864182886e-05,7.891086162600573,399.921089138374,0.6226924082558624,1421.782767479885,157.8217232520115
596,25.29125261683786,5.595301025123866e-05,7.813333083910762,399.9218666691609,0.6104817388013446,1437.333383217848,156.2666616782152
597,25.291295851944,3.150487404234337e-05,7.735270783296284,399.922647292167,0.598344140909171,1452.945843340744,154.7054156659257
598,25.2913162513285,7.32071550083302e-06,7.656976298823285,399.9234302370118,0.5862928604074155,1468.604740235343,153.1395259764657
599,25.29131272165135,-1.656948782356338e-05,7.578526897695319,399.924214731023,0.5743406993909144,1484.294620460936,151.5705379539064
600,25.29128527328308,-4.014109313230452e-05,7.500000000000004,399.925,0.5625000000000006,1500,150.0000000000001
601,25.29123410098392,-6.337114377104757e-05,7.421473102304678,399.9257852689769,0.5507826300823182,1515.705379539065,148.4294620460936
602,25.29115939951414,-8.623765653568527e-05,7.343023701176711,399.9265697629882,0.5391999707604292,1531.395259764658,146.8604740235342
603,25.29106167821789,-0.0001087209010309884,7.264729216703714,399.9273527078329,0.5277629059202855,1547.054156659257,145.2945843340743
604,25.29094272191201,-0.0001308072603918249,7.186666916089234,399.9281333308391,0.5164818136281155,1562.666616782153,143.7333383217847
605,25.29080183317184,-0.0001524742137359843,7.108913837399422,399.928910861626,0.5053665594756898,1578.217232520115,142.1782767479884
606,25.2906393531029,-0.0001737044287189259,7.031546713535684,399.9296845328647,0.4944264918463449,1593.690657292863,140.6309342707137
607,25.29045562281074,-0.000194481613069491,6.954641896508645,399.9304535810349,0.4836704390867336,1609.071620698271,139.0928379301729
608,25.29025098340087,-0.0002147905164798649,6.87827528208786,399.9312172471791,0.4731067085618084,1624.344943582428,137.5655056417572
609,25.29002651961408,-0.0002346199033296205,6.802522234901929,399.931974777651,0.4627430875633513,1639.495553019614,136.0504446980386
610,25.28978333180783,-0.0002539596351609479,6.727457514062628,399.9327254248594,0.4525868460351772,1654.508497187474,134.5491502812526
611,25.28952121212946,-0.0002727953663752877,6.653155199386766,399.9334684480061,0.4426447410712716,1669.368960122647,133.0631039877353
612,25.28924063441298,-0.0002911164913792827,6.579688618288303,399.9342031138171,0.4329230231363264,1684.062276342339,131.5937723657661
613,25.28894207249239,-0.0003089134020661734,6.507130273413043,399.9349286972659,0.4234274439516851,1698.573945317391,130.1426054682609
614,25.28862600020166,-0.0003261774688397513,6.435551771087318,399.9356444822891,0.4141632659834512,1712.889645782536,128.7110354217463
615,25.28829292142545,-0.0003429011387747331,6.36502375065113,399.9363497624935,0.4051352734635297,1726.995249869774,127.3004750130226
616,25.28794330921891,-0.000359077667138129,6.295615814745712,399.9370438418525,0.3963477848687632,1740.876837050858,125.9123162949142
617,25.28757763172187,-0.000374701193331603,6.227396460624067,399.9377260353938,0.3878046667779316,1754.520707875186,124.5479292124813
618,25.28719636593057,-0.0003897667656793408,6.16043301255251,399.9383956698745,0.379509349021468,1767.913397489498,123.2086602510502
619,25.28679998884132,-0.0004042702732971572,6.094791555369672,399.9390520844463,0.3714648410340546,1781.041688926066,121.8958311073934
620,25.28638897745037,-0.0004182084111692756,6.03053686926882,399.9396946313073,0.3636737493161059,1793.892626146236,120.6107373853764
621,25.28596490040908,-0.000431583009823858,5.967732365867558,399.9403226763413,0.356138295906232,1806.453526826489,119.3546473173512
622,25.28552767795428,-0.0004443900362902652,5.906440025628272,399.9409355997437,0.348860337763437,1818.711994874346,118.1288005125654
623,25.28507786019181,-0.000456628666857729,5.846720336690868,399.9415327966331,0.3418413869547458,1830.655932661826,116.9344067338174
624,25.28461600282731,-0.000468298748226324,5.788632235178275,399.9421136776482,0.3350826315414503,1842.273552964345,115.7726447035655
625,25.28414266156645,-0.0004794007321556918,5.732233047033631,399.9426776695296,0.3285849570550447,1853.553390593274,114.6446609406726
626,25.28365839211489,-0.00048993563155504,5.677578431446469,399.9432242156855,0.3223489684522615,1864.484313710706,113.5515686289294
627,25.2831637501783,-0.0004999049758382754,5.624722325923852,399.9437527767408,0.3163750124374622,1875.05553481523,112.494446518477
628,25.28265942955063,-0.0005093113181227559,5.573716893060526,399.9442628310694,0.3106632000398828,1885.256621387895,111.4743378612105
629,25.28214593587623,-0.0005181568848388827,5.524612469060776,399.9447538753094,0.3052134293330181,1895.077506187845,110.4922493812155
630,25.28162381308783,-0.0005264444359841096,5.47745751406263,399.9452254248594,0.3000254081836117,1904.508497187474,109.5491502812526
631,25.28109362584039,-0.0005341771495247093,5.432298564313592,399.9456770143569,0.2950986769184351,1913.540287137282,108.6459712862718
632,25.28055593878886,-0.000541358493559154,5.389180186244963,399.9461081981376,0.290432630798153,1922.163962751008,107.7836037248993
633,25.28001131658819,-0.0005479921819743481,5.348144932490139,399.9465185506751,0.2860265421891995,1930.371013501972,106.9628986498028
634,25.27946032389331,-0.000554082130919967,5.309233299890342,399.9469076670011,0.2818795823266449,1938.153340021932,106.1846659978068
635,25.27890333540909,-0.0005596316565093583,5.272483689529079,399.9472751631047,0.2779908425635017,1945.503262094184,105.4496737905816
636,25.27834092813897,-0.0005646450025461021,5.237932368834951,399.9476206763117,0.2743593550048892,1952.41352623301,104.758647376699
637,25.27777372089501,-0.0005691266587224946,5.205613435790045,399.9479438656421,0.2709841124287784,1958.877312841991,104.1122687158009
638,25.27720226437398,-0.0005730808826982683,5.175558785279373,399.9482444121472,0.2678640873988249,1964.888242944126,103.5111757055874
639,25.27662710927264,-0.0005765119361327505,5.147798077614436,399.9485220192238,0.2649982504789088,1970.440384477113,102.9559615522887
640,25.27604880628776,-0.0005794240502239904,5.122358709262116,399.9487764129074,0.2623855874635345,1975.528258147577,102.4471741852423
641,25.27546790611611,-0.0005818213933782679,5.099265785807642,399.9490073421419,0.2600251155430843,1980.146842838472,101.9853157161528
642,25.27488471979951,-0.0005837070825417683,5.078542097178421,399.9492145790282,0.2579158983281339,1984.291580564316,101.5708419435684
643,25.27429969726342,-0.0005850846697286267,5.060208095153132,399.9493979190485,0.2560570596625328,1987.958380969374,101.2041619030626
644,25.27371352866092,-0.0005859585223221961,5.044281873178278,399.9495571812682,0.2544477961607496,1991.143625364345,100.8856374635655
645,25.27312674157355,-0.0005863321894721012,5.030779148512156,399.9496922085149,0.2530873884110469,1993.844170297569,100.6155829702431
646,25.27253986358285,-0.000586209032746704,5.019713246713804,399.9498028675329,0.2519752107923404,1996.057350657239,100.3942649342761
647,25.27195342227037,-0.0005855922093632529,5.0110950884923,399.9498890491151,0.2511107398591165,1997.78098230154,100.221901769846
648,25.27136794521767,-0.0005844846583597113,5.004933178929321,399.9499506682107,0.2504935612554756,1999.013364214136,100.0986635785864
649,25.27078377852849,-0.0005828883638615034,5.001233599085673,399.9499876640091,0.2501233751262343,1999.753280182866,100.0246719817134
650,25.27020121902347,-0.0005808048760938786,5.000000000000001,399.95,0.2500000000000001,2000,100
651,25.26962099408526,-0.0005782372260885787,5.001233599085673,399.9499876640091,0.2501233751262343,1999.753280182866,100.0246719817134
652,25.26904360643338,-0.0005751873032225755,5.004933178929321,399.9499506682107,0.2504935612554756,1999.013364214136,100.0986635785864
653,25.26846955878734,-0.0005716567554311467,5.0110950884923,399.9498890491151,0.2511107398591165,1997.78098230154,100.221901769846
654,25.26789935386667,-0.0005676469938819883,5.019713246713806,399.9498028675329,0.2519752107923406,1996.057350657239,100.3942649342761
655,25.26733349439086,-0.0005631592007413375,5.030779148512156,399.9496922085149,0.2530873884110469,1993.844170297569,100.6155829702431
656,25.26677244504373,-0.0005581941878534399,5.044281873178278,399.9495571812682,0.2544477961607496,1991.143625364344,100.8856374635655
657,25.26621657768759,-0.0005527521914253094,5.060208095153132,399.9493979190485,0.2560570596625328,1987.958380969374,101.2041619030626
658,25.26566646658883,-0.000546834069699049,5.078542097178422,399.9492145790282,0.2579158983281341,1984.291580564316,101.5708419435684
659,25.26512259459079,-0.0005404401472769727,5.099265785807642,399.9490073421419,0.2600251155430843,1980.146842838471,101.9853157161528
660,25.26458544294286,-0.0005335705968443686,5.122358709262119,399.9487764129074,0.2623855874635349,1975.528258147576,102.4471741852424
661,25.26405549130053,-0.0005262254642443094,5.147798077614436,399.9485220192238,0.2649982504789088,1970.440384477113,102.9559615522887
662,25.26353321772532,-0.0005184046961036483,5.175558785279375,399.9482444121472,0.2678640873988252,1964.888242944125,103.5111757055875
663,25.26301909868483,-0.0005101081698817591,5.205613435790048,399.9479438656421,0.2709841124287787,1958.87731284199,104.112268715801
664,25.26251360905271,-0.0005013357262010496,5.237932368834954,399.9476206763117,0.2743593550048895,1952.413526233009,104.7586473766991
665,25.26201722210868,-0.0004920872033077091,5.272483689529082,399.9472751631047,0.277990842563502,1945.503262094184,105.4496737905816
666,25.2615304095385,-0.0004823624735007296,5.309233299890344,399.9469076670011,0.2818795823266451,1938.153340021931,106.1846659978069
667,25.26105364143405,-0.0004721614813577841,5.34814493249014,399.9465185506751,0.2860265421891997,1930.371013501972,106.9628986498028
668,25.2605873862932,-0.000461484283576477,5.389180186244964,399.9461081981376,0.2904326307981531,1922.163962751007,107.7836037248993
669,25.26013211101992,-0.0004503310902428126,5.432298564313594,399.9456770143569,0.2950986769184354,1913.540287137281,108.6459712862719
670,25.25968828092425,-0.0004387023073297821,5.477457514062634,399.9452254248594,0.3000254081836121,1904.508497187473,109.5491502812527
671,25.25925630259897,-0.0004265983517298314,5.524612469060777,399.9447538753094,0.3052134293330181,1895.077506187844,110.4922493812155
672,25.25883667431839,-0.0004140202971938014,5.573716893060528,399.9442628310694,0.310663200039883,1885.256621387894,111.4743378612105
673,25.25842985689276,-0.0004009694026961178,5.624722325923855,399.9437527767408,0.3163750124374626,1875.055534815229,112.4944465184771
674,25.25803630659437,-0.0003874472894729566,5.677578431446472,399.9432242156855,0.3223489684522618,1864.484313710706,113.5515686289294
675,25.25765647795793,-0.0003734559977216152,5.732233047033636,399.9426776695296,0.3285849570550453,1853.553390593273,114.6446609406727
676,25.25729082378059,-0.0003589980320394578,5.788632235178278,399.9421136776482,0.3350826315414506,1842.273552964344,115.7726447035655
677,25.25693979512194,-0.0003440764065782559,5.846720336690874,399.9415327966331,0.3418413869547465,1830.655932661825,116.9344067338175
678,25.25660384130396,-0.000328694689688965,5.906440025628275,399.9409355997437,0.3488603377634374,1818.711994874345,118.1288005125655
679,25.25628340991108,-0.0003128570478318586,5.967732365867562,399.9403226763413,0.3561382959062325,1806.453526826488,119.3546473173512
680,25.25597894679017,-0.0002965682885284624,6.030536869268824,399.9396946313073,0.3636737493161063,1793.892626146235,120.6107373853765
681,25.25569089605048,-0.0002798339021338294,6.094791555369675,399.9390520844463,0.3714648410340551,1781.041688926065,121.8958311073935
682,25.25541970006375,-0.0002626601022120663,6.160433012552514,399.9383956698745,0.3795093490214684,1767.913397489497,123.2086602510503
683,25.25516565723699,-0.0002450532953920955,6.227396460624073,399.9377260353938,0.3878046667779323,1754.520707875186,124.5479292124814
684,25.2549291403379,-0.0002270209916140873,6.295615814745717,399.9370438418525,0.3963477848687638,1740.876837050857,125.9123162949143
685,25.25471070018603,-0.0002085722538170784,6.365023750651133,399.9363497624935,0.4051352734635302,1726.995249869773,127.3004750130226
686,25.25451076071071,-0.0001897165108759301,6.435551771087323,399.9356444822891,0.4141632659834518,1712.889645782536,128.7110354217465
687,25.25432974353675,-0.0001704640862436173,6.507130273413047,399.9349286972659,0.4234274439516855,1698.573945317391,130.1426054682609
688,25.25416806798447,-0.0001508262256652382,6.579688618288309,399.9342031138171,0.4329230231363271,1684.062276342338,131.5937723657662
689,25.2540261510697,-0.0001308151221362357,6.653155199386771,399.9334684480061,0.4426447410712723,1669.368960122646,133.0631039877354
690,25.25390440750374,-0.000110443937944588,6.727457514062634,399.9327254248594,0.452586846035178,1654.508497187473,134.5491502812527
691,25.2538032496934,-8.972682364688789e-05,6.802522234901933,399.931974777651,0.462743087563352,1639.495553019613,136.0504446980387
692,25.25372308774099,-6.867893384032897e-05,6.878275282087866,399.9312172471791,0.4731067085618092,1624.344943582427,137.5655056417573
693,25.25366432944431,-4.73164396037522e-05,6.954641896508651,399.9304535810349,0.4836704390867345,1609.07162069827,139.092837930173
694,25.25362738029666,-2.565653749394781e-05,7.03154671353569,399.9296845328647,0.4944264918463456,1593.690657292862,140.6309342707138
695,25.25361253833555,-3.717034390814833e-06,7.108913837399427,399.928910861626,0.5053665594756905,1578.217232520115,142.1782767479885
696,25.2536177857189,1.849248438063977e-05,7.186666916089239,399.9281333308391,0.5164818136281162,1562.666616782152,143.7333383217848
697,25.25364529511109,4.094463139621962e-05,7.264729216703717,399.9273527078329,0.5277629059202861,1547.054156659256,145.2945843340743
698,25.2536953707467,6.361845853405446e-05,7.343023701176715,399.9265697629882,0.5391999707604299,1531.395259764657,146.8604740235343
699,25.25376831010588,8.649201974113363e-05,7.421473102304683,399.9257852689769,0.550782630082319,1515.705379539064,148.4294620460936
700,25.25386440391429,0.0001095423843428471,7.500000000000007,399.925,0.5625000000000011,1499.999999999999,150.0000000000001
701,25.2539839361432,0.0001327456542090151,7.578526897695323,399.924214731023,0.5743406993909149,1484.294620460935,151.5705379539064
702,25.25412718400941,0.0001560769847771954,7.656976298823288,399.9234302370118,0.5862928604074158,1468.604740235342,153.1395259764658
703,25.25429441797526,0.0001795106099173189,7.735270783296286,399.922647292167,0.5983441409091714,1452.945843340743,154.7054156659257
704,25.25448590174867,0.0002030198706079989,7.813333083910766,399.9218666691609,0.6104817388013453,1437.333383217847,156.2666616782153
705,25.25470020684104,0.0002265839891475667,7.891086162600579,399.921089138374,0.6226924082558634,1421.782767479885,157.8217232520116
706,25.25493634831473,0.0002501795623123639,7.968453286464316,399.9203154671354,0.6349624777856397,1406.309342707137,159.3690657292863
707,25.25519601024786,0.0002737716992768509,8.045358103491356,399.9195464189651,0.6472778701341403,1390.928379301729,160.9071620698271
708,25.25547922480552,0.0002973313486488234,8.121724717912141,399.9187827528209,0.6596241239354503,1375.655056417572,162.4344943582428
709,25.25578600633574,0.0003208288088426041,8.19747776509808,399.918025222349,0.6719864170927741,1360.504446980384,163.9495553019616
710,25.25611635136948,0.0003442337781548508,8.27254248593737,399.9172745751407,0.6843495918163884,1345.491502812526,165.4508497187474
711,25.25647023862068,0.0003675154080277541,8.346844800613235,399.9165315519938,0.6966981812552421,1330.631039877353,166.9368960122647
712,25.2568476289862,0.0003906423593548831,8.420311381711697,399.9157968861829,0.7090164376498355,1315.937723657661,168.4062276342339
713,25.25724846554584,0.0004135828616721893,8.492869726586958,399.9150713027341,0.7212883619277725,1301.426054682609,169.8573945317391
714,25.25767267356235,0.0004363047750650966,8.564448228912683,399.9143555177109,0.7334977346572559,1287.110354217464,171.2889645782537
715,25.25811838544883,0.0004587827547410703,8.634976249348872,399.9136502375065,0.7456281482681912,1273.004750130226,172.6995249869774
716,25.25858631875629,0.0004809808058649532,8.704384185254288,399.9129561581474,0.7576630404450495,1259.123162949142,174.0876837050857
717,25.25907643065985,0.0005028657345420105,8.772603539375931,399.9122739646062,0.7695857285907112,1245.479292124814,175.4520707875186
718,25.25958845100424,0.0005244050864944665,8.839566987447492,399.9116043301255,0.7813794452557152,1232.086602510502,176.7913397489498
719,25.26012208471117,0.0005455664100016386,8.905208444630329,399.9109479155537,0.7930273744231532,1218.958311073934,178.1041688926066
720,25.26067701177936,0.0005663173299534787,8.969463130731187,399.9103053686927,0.8045126885354611,1206.107373853763,179.3892626146237
721,25.26125288728457,0.0005866256231536492,9.032267634132443,399.9096773236587,0.8158185861459648,1193.546473173511,180.6453526826489
722,25.26184934137956,0.0006064592946316601,9.093559974371727,399.9090644002563,0.8269283300749553,1181.288005125654,181.8711994874346
723,25.26246558912733,0.0006257882153856473,9.15327966330913,399.9084672033669,0.837825285947485,1169.344067338174,183.0655932661826
724,25.26310004534898,0.0006445857405800117,9.211367764821727,399.9078863223518,0.8484929609879681,1157.726447035655,184.2273552964345
725,25.26375307506733,0.0006628177856205852,9.267766952966369,399.9073223304703,0.8589150429449554,1146.446609406726,185.3553390593274
726,25.26442408543541,0.0006804545362950094,9.322421568553532,399.9067757843144,0.8690754390183208,1135.515686289294,186.4484313710706
727,25.26511245068186,0.0006974668265931812,9.37527767407615,399.9062472232592,0.8789583146603072,1124.94446518477,187.505553481523
728,25.26581751211101,0.0007138262157994266,9.426283106939477,399.9057371689306,0.8885481321217258,1114.743378612105,188.5256621387895
729,25.26653857810282,0.0007295050648183022,9.475387530939232,399.9052461246906,0.8978296886147866,1104.922493812154,189.5077506187846
730,25.26727492411291,0.0007444766114779868,9.52254248593737,399.9047745751406,0.9067881539648227,1095.491502812526,190.4508497187474
731,25.26802579267257,0.0007587150445584457,9.567701435686407,399.9043229856431,0.9154091076243575,1086.459712862718,191.3540287137282
732,25.26879089474467,0.0007721935708706678,9.610819813755038,399.9038918018625,0.9236785749246641,1077.836037248992,192.2163962751007
733,25.26956947673021,0.0007848882179634708,9.651855067509864,399.9034814493249,0.9315830624421584,1069.628986498028,193.0371013501972
734,25.2703605031135,0.0007967771722650659,9.690766700109659,399.9030923329989,0.9391095923595425,1061.846659978068,193.8153340021932
735,25.271163149116,0.0008078388749455747,9.727516310470923,399.9027248368953,0.9462457357047785,1054.496737905816,194.5503262094184
736,25.27197656124128,0.000818053043743668,9.762067631165049,399.9023793236884,0.952979644354404,1047.58647376699,195.241352623301
737,25.27279985727514,0.0008274007342829593,9.794386564209953,399.9020561343579,0.9593000816917645,1041.122687158009,195.887731284199
738,25.2736321262855,0.0008358643984880467,9.824441214720629,399.9017555878528,0.9651964518150135,1035.111757055874,196.4888242944126
739,25.27447242862246,0.000843427939899333,9.852201922385566,399.9014779807761,0.9706588271945785,1029.559615522887,197.0440384477113
740,25.27531979921364,0.0008500767525152233,9.877641290737886,399.9012235870926,0.9756779746849001,1024.471741852423,197.5528258147577
741,25.27617414910647,0.0008557941631756882,9.90073421419236,399.9009926578581,0.9802453798007921,1019.853157161528,198.0146842838472
742,25.27703392070839,0.0008605708555156384,9.921457902821579,399.9007854209718,0.9843532691746077,1015.708419435684,198.4291580564316
743,25.27789812654512,0.000864396756052701,9.939791904846869,399.9006020809516,0.9879946311165935,1012.041619030626,198.7958380969374
744,25.27876575506706,0.0008672634481463086,9.955718126821722,399.9004428187318,0.9911632342072662,1008.856374635655,199.1143625364344
745,25.27963577064923,0.0008691642051178867,9.969220851487847,399.9003077914851,0.9938536438574008,1006.155829702431,199.3844170297569
746,25.28050711359136,0.0008700940191909506,9.980286753286197,399.9001971324672,0.9960612367781996,1003.942649342761,199.6057350657239
747,25.28137870011783,0.0008700496261515165,9.988904911507699,399.9001109508849,0.9977822133114264,1002.21901769846,199.778098230154
748,25.28224942237769,0.0008690295256426046,9.995066821070679,399.9000493317893,0.9990136075766795,1000.986635785864,199.9013364214136
749,25.28311892810339,0.0008670308783875149,9.998766400914331,399.9000123359909,0.9997532954005333,1000.246719817134,199.9753280182866
750,25.28398717736762,0.0008640512905295035,10,399.9,1,1000,200
751,25.28485212483017,0.0008600980914803862,9.998766400914331,399.9000123359909,0.9997532954005333,1000.246719817134,199.9753280182866
752,25.28571274169147,0.0008551762483874958,9.995066821070679,399.9000493317893,0.9990136075766795,1000.986635785864,199.9013364214136
753,25.28656798691123,0.000849292478977919,9.988904911507699,399.9001109508849,0.9977822133114264,1002.21901769846,199.778098230154
754,25.28741680720847,0.0008424552447225346,9.980286753286194,399.9001971324672,0.9960612367781988,1003.942649342761,199.6057350657239
755,25.28825813706141,0.0008346747394691534,9.969220851487846,399.9003077914851,0.9938536438574005,1006.155829702431,199.3844170297569
756,25.28909089870762,0.0008259628735840516,9.955718126821722,399.9004428187318,0.9911632342072662,1008.856374635656,199.1143625364344
757,25.28991400214388,0.0008163332536576626,9.939791904846869,399.9006020809516,0.9879946311165935,1012.041619030626,198.7958380969374
758,25.2907281935109,0.0008057937643055965,9.921457902821579,399.9007854209718,0.9843532691746077,1015.708419435684,198.4291580564316
759,25.29153202306372,0.000794362667346717,9.900734214192356,399.9009926578581,0.9802453798007913,1019.853157161529,198.0146842838471
760,25.2923240607894,0.0007820597062121813,9.877641290737882,399.9012235870926,0.9756779746848995,1024.471741852424,197.5528258147576
761,25.29310336639785,0.0007689041887977654,9.852201922385563,399.9014779807761,0.9706588271945777,1029.559615522887,197.0440384477112
762,25.29386900043595,0.0007549169018862092,9.824441214720627,399.9017555878528,0.9651964518150132,1035.111757055875,196.4888242944125
763,25.29462002428768,0.000740120066232818,9.794386564209953,399.9020561343579,0.9593000816917645,1041.12268715801,195.887731284199
764,25.29535550017399,0.0007245372880128471,9.762067631165047,399.9023793236884,0.9529796443544036,1047.586473766991,195.2413526233009
765,25.2960744911529,0.0007081935067979383,9.727516310470918,399.9027248368953,0.9462457357047773,1054.496737905816,194.5503262094184
766,25.29677648459043,0.0006911132463573737,9.690766700109657,399.9030923329989,0.9391095923595423,1061.846659978069,193.8153340021931
767,25.29746362690376,0.000673311617269277,9.65185506750986,399.9034814493249,0.9315830624421577,1069.628986498028,193.0371013501972
768,25.29813272183627,0.0006548262625042418,9.610819813755036,399.9038918018625,0.9236785749246639,1077.836037248993,192.2163962751007
769,25.29878295823303,0.0006356863823166065,9.5677014356864,399.9043229856431,0.915409107624356,1086.45971286272,191.354028713728
770,25.29941352493909,0.000615922208173268,9.52254248593737,399.9047745751406,0.9067881539648227,1095.491502812527,190.4508497187474
771,25.30002361079954,0.0005955649340314013,9.475387530939221,399.9052461246906,0.8978296886147846,1104.922493812156,189.5077506187844
772,25.30061240465943,0.0005746466456057204,9.426283106939472,399.9057371689306,0.8885481321217248,1114.743378612106,188.5256621387894
773,25.30117909536383,0.0005532002478652858,9.375277674076147,399.9062472232592,0.8789583146603065,1124.944465184771,187.5055534815229
774,25.3017228717578,0.0005312593910054265,9.322421568553528,399.9067757843144,0.8690754390183203,1135.515686289294,186.4484313710706
775,25.30224577403942,0.0005088469897322434,9.267766952966367,399.9073223304703,0.858915042944955,1146.446609406727,185.3553390593273
776,25.3027484067354,0.0004859922950343332,9.211367764821722,399.9078863223518,0.8484929609879671,1157.726447035656,184.2273552964344
777,25.30322781208436,0.0004627393235575343,9.153279663309126,399.9084672033669,0.8378252859474843,1169.344067338175,183.0655932661825
778,25.30368338826813,0.0004391231070773874,9.093559974371718,399.9090644002563,0.8269283300749537,1181.288005125656,181.8711994874344
779,25.30411453346856,0.0004151790384176741,9.032267634132442,399.9096773236587,0.8158185861459646,1193.546473173512,180.6453526826488
780,25.3045206458675,0.0003909427936009109,8.969463130731176,399.9103053686927,0.8045126885354591,1206.107373853765,179.3892626146235
781,25.30490112364679,0.0003664502542591461,8.905208444630325,399.9109479155537,0.7930273744231526,1218.958311073935,178.1041688926065
782,25.30525536498827,0.0003417374305583503,8.839566987447487,399.9116043301255,0.7813794452557145,1232.086602510503,176.7913397489497
783,25.30558821890017,0.0003168185815807294,8.772603539375927,399.9122739646062,0.7695857285907104,1245.479292124814,175.4520707875186
784,25.30589645929231,0.0002917402437208734,8.704384185254284,399.9129561581474,0.757663040445049,1259.123162949143,174.0876837050857
785,25.30617915246644,0.0002665396866706147,8.634976249348867,399.9136502375065,0.7456281482681902,1273.004750130227,172.6995249869773
786,25.30643595013664,0.0002412516687679576,8.56444822891268,399.9143555177109,0.7334977346572553,1287.110354217464,171.2889645782536
787,25.30666650401695,0.0002159107077877613,8.492869726586953,399.9150713027341,0.7212883619277715,1301.426054682609,169.8573945317391
788,25.30687046582142,0.0001905510120139799,8.420311381711691,399.9157968861829,0.7090164376498346,1315.937723657662,168.4062276342338
789,25.30704796840012,0.0001652044889099995,8.346844800613221,399.9165315519938,0.6966981812552396,1330.631039877356,166.9368960122644
790,25.30720302953574,0.0001398870654898354,8.272542485937366,399.9172745751407,0.6843495918163879,1345.491502812527,165.4508497187473
791,25.30733254626255,0.0001146426491353567,8.197477765098068,399.918025222349,0.6719864170927722,1360.504446980387,163.9495553019613
792,25.30743642649517,8.950254189023776e-05,8.121724717912137,399.9187827528209,0.6596241239354498,1375.655056417573,162.4344943582427
793,25.3075145781482,6.449742767549038e-05,8.045358103491351,399.9195464189651,0.6472778701341395,1390.92837930173,160.907162069827
794,25.30756690913626,3.965731902624125e-05,7.968453286464312,399.9203154671354,0.634962477785639,1406.309342707138,159.3690657292862
795,25.30759338039643,1.501129492600595e-05,7.891086162600573,399.921089138374,0.6226924082558624,1421.782767479885,157.8217232520115
796,25.30759763178415,-9.427049533902831e-06,7.813333083910762,399.9218666691609,0.6104817388013446,1437.333383217848,156.2666616782152
797,25.30757749129603,-3.362168336577742e-05,7.735270783296284,399.922647292167,0.598344140909171,1452.945843340744,154.7054156659257
798,25.30753309918656,-5.754667593141383e-05,7.656976298823277,399.9234302370118,0.5862928604074142,1468.604740235345,153.1395259764655
799,25.30746459571021,-8.117698405901663e-05,7.578526897695319,399.924214731023,0.5743406993909144,1484.294620460936,151.5705379539064
800,25.30737212112147,-0.0001044884844859004,7.499999999999993,399.925,0.562499999999999,1500.000000000001,149.9999999999999
801,25.30725581567483,-0.0001274580025346639,7.421473102304678,399.9257852689769,0.5507826300823182,1515.705379539065,148.4294620460936
802,25.30711804899619,-0.0001500722544639201,7.343023701176711,399.9265697629882,0.5391999707604292,1531.395259764658,146.8604740235342
803,25.30695798793617,-0.0001723061399041192,7.264729216703714,399.9273527078329,0.5277629059202855,1547.054156659257,145.2945843340743
804,25.30677578091018,-0.0001941394963845,7.186666916089234,399.9281333308391,0.5164818136281155,1562.666616782153,143.7333383217847
805,25.30657172584615,-0.0002155537844332107,7.108913837399422,399.928910861626,0.5053665594756898,1578.217232520115,142.1782767479884
806,25.30634612067199,-0.0002365314989952533,7.031546713535684,399.9296845328647,0.4944264918463449,1593.690657292863,140.6309342707137
807,25.30609926331563,-0.0002570561750890398,6.954641896508645,399.9304535810349,0.4836704390867336,1609.071620698271,139.0928379301729
808,25.30583325568455,-0.0002771196056145859,6.87827528208786,399.9312172471791,0.4731067085618084,1624.344943582428,137.5655056417572
809,25.30554789686429,-0.0002967054123304602,6.802522234901921,399.931974777651,0.4627430875633503,1639.495553019616,136.0504446980384
810,25.30524333102855,-0.000315799632043829,6.727457514062628,399.9327254248594,0.4525868460351772,1654.508497187474,134.5491502812526
811,25.30492000144624,-0.0003343905236424368,6.653155199386766,399.9334684480061,0.4426447410712716,1669.368960122647,133.0631039877353
812,25.3045783513863,-0.0003524673592725497,6.579688618288305,399.9342031138171,0.4329230231363266,1684.062276342339,131.5937723657661
813,25.30421882411764,-0.0003700204085671917,6.507130273413043,399.9349286972659,0.4234274439516851,1698.573945317391,130.1426054682609
814,25.30384211054906,-0.0003870419102293197,6.43555177108732,399.9356444822891,0.4141632659834514,1712.889645782536,128.7110354217464
815,25.3034486353351,-0.0004035239944133318,6.36502375065113,399.9363497624935,0.4051352734635297,1726.995249869774,127.3004750130226
816,25.30303879304639,-0.0004194596024480204,6.295615814745712,399.9370438418525,0.3963477848687632,1740.876837050858,125.9123162949142
817,25.30261304999244,-0.0004348428664139016,6.227396460624069,399.9377260353938,0.3878046667779319,1754.520707875186,124.5479292124814
818,25.30217187248277,-0.0004496687918881602,6.160433012552502,399.9383956698745,0.379509349021467,1767.9133974895,123.20866025105
819,25.30171572682689,-0.0004639332252394577,6.094791555369672,399.9390520844463,0.3714648410340546,1781.041688926066,121.8958311073934
820,25.30124587857408,-0.0004776360156640917,6.030536869268814,399.9396946313073,0.3636737493161051,1793.892626146237,120.6107373853763
821,25.30076294269242,-0.0004907751789572261,5.967732365867558,399.9403226763413,0.356138295906232,1806.453526826489,119.3546473173512
822,25.30026711317841,-0.0005033477771867822,5.906440025628272,399.9409355997437,0.348860337763437,1818.711994874346,118.1288005125654
823,25.29975894372743,-0.0005153530010002392,5.84672033669087,399.9415327966331,0.341841386954746,1830.655932661826,116.9344067338174
824,25.29923898803486,-0.0005267906890565467,5.788632235178275,399.9421136776482,0.3350826315414503,1842.273552964345,115.7726447035655
825,25.29870779979609,-0.0005376612850742883,5.732233047033633,399.9426776695296,0.3285849570550449,1853.553390593274,114.6446609406727
826,25.29816591251154,-0.0005479657131416481,5.677578431446469,399.9432242156855,0.3223489684522615,1864.484313710706,113.5515686289294
827,25.29761386520269,-0.0005577054359358429,5.624722325923852,399.9437527767408,0.3163750124374622,1875.05553481523,112.494446518477
828,25.29705221855871,-0.0005668824741550659,5.573716893060526,399.9442628310694,0.3106632000398828,1885.256621387895,111.4743378612105
829,25.29648151996576,-0.0005754992211970166,5.524612469060771,399.9447538753094,0.3052134293330175,1895.077506187846,110.4922493812154
830,25.29590231624586,-0.0005835584486162222,5.47745751406263,399.9452254248594,0.3000254081836117,1904.508497187474,109.5491502812526
831,25.29531515365684,-0.0005910632607904779,5.432298564313592,399.9456770143569,0.2950986769184351,1913.540287137282,108.6459712862718
832,25.29472064324124,-0.00059801731136866,5.389180186244963,399.9461081981376,0.290432630798153,1922.163962751008,107.7836037248993
833,25.29411941229935,-0.0006044245648190098,5.348144932490139,399.9465185506751,0.2860265421891995,1930.371013501972,106.9628986498028
834,25.29351196813181,-0.0006102887078739498,5.309233299890342,399.9469076670011,0.2818795823266449,1938.153340021932,106.1846659978068
835,25.2928988800008,-0.0006156138348762052,5.272483689529079,399.9472751631047,0.2779908425635017,1945.503262094184,105.4496737905816
836,25.29228071888256,-0.000620404165520442,5.237932368834951,399.9476206763117,0.2743593550048892,1952.41352623301,104.758647376699
837,25.29165805746743,-0.0006246640050121628,5.205613435790045,399.9479438656421,0.2709841124287784,1958.877312841991,104.1122687158009
838,25.2910313855732,-0.000628397367495159,5.175558785279369,399.9482444121472,0.2678640873988246,1964.888242944126,103.5111757055874
839,25.2904011036559,-0.000631607913665793,5.147798077614436,399.9485220192238,0.2649982504789088,1970.440384477113,102.9559615522887
840,25.28976786692571,-0.0006343002927757898,5.122358709262115,399.9487764129074,0.2623855874635344,1975.528258147577,102.4471741852423
841,25.2891322125097,-0.0006364786189526136,5.099265785807642,399.9490073421419,0.2600251155430843,1980.146842838471,101.9853157161528
842,25.28849467539004,-0.0006381469049038954,5.078542097178421,399.9492145790282,0.2579158983281339,1984.291580564316,101.5708419435684
843,25.28785578840404,-0.0006393090342910846,5.060208095153132,399.9493979190485,0.2560570596625328,1987.958380969374,101.2041619030626
844,25.28721604175058,-0.0006399685746808023,5.044281873178278,399.9495571812682,0.2544477961607496,1991.143625364345,100.8856374635655
845,25.28657582185197,-0.000640128510585781,5.030779148512156,399.9496922085149,0.2530873884110469,1993.844170297569,100.6155829702431
846,25.28593571649255,-0.0006397924443855156,5.019713246713804,399.9498028675329,0.2519752107923404,1996.057350657239,100.3942649342761
847,25.28529622145257,-0.000638963406092057,5.0110950884923,399.9498890491151,0.2511107398591165,1997.78098230154,100.221901769846
848,25.28465782775406,-0.0006376441885052751,5.004933178929321,399.9499506682107,0.2504935612554756,1999.013364214136,100.0986635785864
849,25.28402102166081,-0.0006358373363907827,5.001233599085671,399.9499876640091,0.2501233751262342,1999.753280182866,100.0246719817134
850,25.2833862885539,-0.0006335451542156106,5.000000000000001,399.95,0.2500000000000001,2000,100
851,25.28275413101495,-0.0006307697738073195,5.001233599085673,399.9499876640091,0.2501233751262343,1999.753280182866,100.0246719817134
852,25.2821250100384,-0.0006275129176426314,5.004933178929321,399.9499506682107,0.2504935612554756,1999.013364214136,100.0986635785864
853,25.28149939730748,-0.0006237761095116781,5.0110950884923,399.9498890491151,0.2511107398591165,1997.78098230154,100.221901769846
854,25.28087776015936,-0.0006195606190527718,5.019713246713806,399.9498028675329,0.2519752107923406,1996.057350657239,100.3942649342761
855,25.28026056158522,-0.0006148674695187837,5.030779148512156,399.9496922085149,0.2530873884110469,1993.844170297569,100.6155829702431
856,25.27964827152573,-0.0006096974937814058,5.044281873178278,399.9495571812682,0.2544477961607496,1991.143625364344,100.8856374635655
857,25.27904156319342,-0.000604052133448601,5.060208095153132,399.9493979190485,0.2560570596625328,1987.958380969374,101.2041619030626
858,25.27844079445859,-0.0005979313811781032,5.078542097178424,399.9492145790282,0.2579158983281343,1984.291580564315,101.5708419435685
859,25.2778464442155,-0.0005913355457758393,5.099265785807642,399.9490073421419,0.2600251155430843,1980.146842838471,101.9853157161528
860,25.27725899012154,-0.0005842647855590977,5.122358709262119,399.9487764129074,0.2623855874635349,1975.528258147576,102.4471741852424
861,25.27667890859727,-0.0005767191334312441,5.147798077614436,399.9485220192238,0.2649982504789088,1970.440384477113,102.9559615522887
862,25.27610667482635,-0.000568698524507742,5.175558785279375,399.9482444121472,0.2678640873988252,1964.888242944125,103.5111757055875
863,25.27554276275563,-0.0005602028261649802,5.205613435790048,399.9479438656421,0.2709841124287787,1958.87731284199,104.112268715801
864,25.2749876450951,-0.0005512318703706294,5.237932368834954,399.9476206763117,0.2743593550048895,1952.413526233009,104.7586473766991
865,25.27444179331785,-0.0005417854881444031,5.272483689529082,399.9472751631047,0.277990842563502,1945.503262094184,105.4496737905816
866,25.27390567766017,-0.0005318635459873785,5.309233299890344,399.9469076670011,0.2818795823266451,1938.153340021931,106.1846659978069
867,25.27337976712144,-0.0005214659841073612,5.348144932490145,399.9465185506751,0.2860265421892002,1930.371013501971,106.9628986498029
868,25.27286452946423,-0.0005105928562606103,5.389180186244964,399.9461081981376,0.2904326307981531,1922.163962751007,107.7836037248993
869,25.27236037057185,-0.0004992441284505405,5.432298564313601,399.9456770143569,0.2950986769184361,1913.54028713728,108.645971286272
870,25.2718677843608,-0.0004874203210759641,5.477457514062634,399.9452254248594,0.3000254081836121,1904.508497187473,109.5491502812527
871,25.27138723837625,-0.0004751220948389606,5.524612469060777,399.9447538753094,0.3052134293330181,1895.077506187844,110.4922493812155
872,25.27091919118548,-0.0004623503646621576,5.573716893060528,399.9442628310694,0.310663200039883,1885.256621387894,111.4743378612105
873,25.27046409985482,-0.0004491063745443405,5.624722325923855,399.9437527767408,0.3163750124374626,1875.055534815229,112.4944465184771
874,25.2700224199497,-0.0004353917428942795,5.677578431446472,399.9432242156855,0.3223489684522618,1864.484313710706,113.5515686289294
875,25.26959460553465,-0.0004212085080284942,5.732233047033635,399.9426776695296,0.3285849570550451,1853.553390593273,114.6446609406727
876,25.26918110917324,-0.0004065591736100548,5.788632235178278,399.9421136776482,0.3350826315414506,1842.273552964344,115.7726447035655
877,25.26878238192818,-0.0003914467538032401,5.846720336690872,399.9415327966331,0.3418413869547463,1830.655932661826,116.9344067338174
878,25.26839887336124,-0.0003758748179180932,5.906440025628281,399.9409355997437,0.3488603377634381,1818.711994874344,118.1288005125656
879,25.26803103153326,-0.0003598475343205827,5.967732365867562,399.9403226763413,0.3561382959062325,1806.453526826488,119.3546473173512
880,25.26767938241105,-0.0003433700310119867,6.030536869268822,399.9396946313073,0.3636737493161061,1793.892626146236,120.6107373853764
881,25.26734432175405,-0.0003264476049480991,6.094791555369675,399.9390520844463,0.3714648410340551,1781.041688926065,121.8958311073935
882,25.26702629445024,-0.0003090864797580079,6.160433012552514,399.9383956698745,0.3795093490214684,1767.913397489497,123.2086602510503
883,25.26672574675496,-0.0002912936534639939,6.227396460624073,399.9377260353938,0.3878046667779323,1754.520707875186,124.5479292124814
884,25.26644312365254,-0.0002730769248726451,6.295615814745715,399.9370438418525,0.3963477848687636,1740.876837050857,125.9123162949143
885,25.26617886885622,-0.0002544449284978156,6.365023750651133,399.9363497624935,0.4051352734635302,1726.995249869773,127.3004750130226
886,25.2659334248082,-0.0002354071672658954,6.435551771087322,399.9356444822891,0.4141632659834517,1712.889645782536,128.7110354217464
887,25.26570723267962,-0.000215974042815108,6.507130273413056,399.9349286972659,0.4234274439516867,1698.573945317389,130.1426054682611
888,25.26550073237057,-0.0001961568832096072,6.579688618288309,399.9342031138171,0.4329230231363271,1684.062276342338,131.5937723657662
889,25.26531436251009,-0.0001759679678978121,6.653155199386777,399.9334684480061,0.4426447410712731,1669.368960122644,133.0631039877355
890,25.26514848131508,-0.0001554202331899509,6.727457514062633,399.9327254248594,0.4525868460351778,1654.508497187473,134.5491502812527
891,25.26500190060317,-0.000134521427285964,6.802522234901933,399.931974777651,0.462743087563352,1639.495553019613,136.0504446980387
892,25.26487617983399,-0.0001132913022123445,6.878275282087863,399.9312172471791,0.4731067085618087,1624.344943582427,137.5655056417573
893,25.26477167185331,-9.174580923977316e-05,6.954641896508649,399.9304535810349,0.4836704390867342,1609.07162069827,139.092837930173
894,25.26468872381094,-6.990191155107484e-05,7.031546713535689,399.9296845328647,0.4944264918463455,1593.690657292862,140.6309342707138
895,25.26462767716074,-4.777758969157486e-05,7.108913837399427,399.928910861626,0.5053665594756905,1578.217232520115,142.1782767479885
896,25.26458886766062,-2.539184338623301e-05,7.186666916089248,399.9281333308391,0.5164818136281174,1562.666616782151,143.7333383217849
897,25.26457262537251,-2.764689649476848e-06,7.264729216703717,399.9273527078329,0.5277629059202861,1547.054156659256,145.2945843340743
898,25.26457927466243,2.008284287115258e-05,7.343023701176723,399.9265697629882,0.539199970760431,1531.395259764655,146.8604740235345
899,25.26460913420039,4.31287233630726e-05,7.421473102304683,399.9257852689769,0.550782630082319,1515.705379539064,148.4294620460936
900,25.2646625169605,6.634993215800699e-05,7.500000000000007,399.925,0.5625000000000011,1499.999999999999,150.0000000000001
901,25.26473939590112,8.972381517734829e-05,7.578526897695323,399.924214731023,0.5743406993909149,1484.294620460936,151.5705379539064
902,25.26483793225001,0.0001132339918147895,7.656976298823288,399.9234302370118,0.5862928604074158,1468.604740235342,153.1395259764658
903,25.26495999137836,0.0001368483163049099,7.735270783296286,399.922647292167,0.5983441409091714,1452.945843340743,154.7054156659257
904,25.26510573666865,0.0001605405309280985,7.813333083910766,399.9218666691609,0.6104817388013453,1437.333383217847,156.2666616782153
905,25.26527531876542,0.000184283541450053,7.891086162600579,399.921089138374,0.6226924082558634,1421.782767479885,157.8217232520116
906,25.26546887557532,0.000208049453270017,7.968453286464316,399.9203154671354,0.6349624777856397,1406.309342707137,159.3690657292863
907,25.26568653226704,0.0002318096112001098,8.045358103491365,399.9195464189651,0.6472778701341417,1390.928379301727,160.9071620698273
908,25.2659284012714,0.0002555346427853191,8.121724717912141,399.9187827528209,0.6596241239354503,1375.655056417572,162.4344943582428
909,25.26619458228123,0.0002791945050606142,8.19747776509808,399.918025222349,0.6719864170927741,1360.504446980384,163.9495553019616
910,25.26648516225151,0.0003027585346267392,8.27254248593737,399.9172745751407,0.6843495918163884,1345.491502812526,165.4508497187474
911,25.26679918958627,0.0003261996041654218,8.346844800613235,399.9165315519938,0.6966981812552421,1330.631039877353,166.9368960122647
912,25.26713482842689,0.0003494935615921244,8.420311381711697,399.9157968861829,0.7090164376498355,1315.937723657661,168.4062276342339
913,25.26749372532487,0.0003726018225560847,8.492869726586958,399.9150713027341,0.7212883619277725,1301.426054682609,169.8573945317391
914,25.26787572289355,0.0003954925777403277,8.564448228912683,399.9143555177109,0.7334977346572559,1287.110354217464,171.2889645782537
915,25.26828063987505,0.0004181337370361766,8.634976249348872,399.9136502375065,0.7456281482681912,1273.004750130226,172.6995249869774
916,25.2687082711403,0.0004404929963289104,8.704384185254296,399.9129561581474,0.7576630404450511,1259.123162949141,174.0876837050859
917,25.269158387689,0.0004625379064254222,8.772603539375931,399.9122739646062,0.7695857285907112,1245.479292124814,175.4520707875186
918,25.26963073664965,0.0004842359439128219,8.839566987447498,399.9116043301255,0.7813794452557162,1232.086602510501,176.79133974895
919,25.27012504127954,0.0005055545837281537,8.905208444630329,399.9109479155537,0.7930273744231532,1218.958311073935,178.1041688926066
920,25.27064100096473,0.0005264613732120165,8.969463130731187,399.9103053686927,0.8045126885354611,1206.107373853763,179.3892626146237
921,25.27117743421163,0.0005469274354454239,9.032267634132443,399.9096773236587,0.8158185861459648,1193.546473173511,180.6453526826489
922,25.27173352935135,0.0005669225427445048,9.093559974371727,399.9090644002563,0.8269283300749553,1181.288005125654,181.8711994874346
923,25.27230951041693,0.0005864125302272429,9.15327966330913,399.9084672033669,0.837825285947485,1169.344067338174,183.0655932661826
924,25.27290487409456,0.0006053664255976931,9.211367764821727,399.9078863223518,0.8484929609879681,1157.726447035655,184.2273552964345
925,25.27351908689475,0.000623753738310905,9.267766952966367,399.9073223304703,0.858915042944955,1146.446609406726,185.3553390593273
926,25.2741515851523,0.0006415445374274427,9.322421568553532,399.9067757843144,0.8690754390183208,1135.515686289294,186.4484313710706
927,25.27480177502633,0.0006587095292152832,9.375277674076152,399.9062472232592,0.8789583146603075,1124.944465184769,187.505553481523
928,25.27546903250025,0.0006752201342424631,9.426283106939477,399.9057371689306,0.8885481321217258,1114.743378612105,188.5256621387895
929,25.27615270338176,0.0006910485637025275,9.475387530939232,399.9052461246906,0.8978296886147866,1104.922493812154,189.5077506187846
930,25.27685183037908,0.0007061689864133116,9.52254248593737,399.9047745751406,0.9067881539648227,1095.491502812526,190.4508497187474
931,25.27756569860163,0.0007205554208421774,9.567701435686407,399.9043229856431,0.9154091076243575,1086.459712862718,191.3540287137282
932,25.27829364655961,0.0007341825636108705,9.610819813755038,399.9038918018625,0.9236785749246641,1077.836037248992,192.2163962751007
933,25.27903486976924,0.0007470266458073392,9.651855067509864,399.9034814493249,0.9315830624421584,1069.628986498028,193.0371013501972
934,25.27978853174005,0.0007590650577589022,9.690766700109659,399.9030923329989,0.9391095923595425,1061.846659978068,193.8153340021932
935,25.28055376397489,0.0007702764155100119,9.727516310470923,399.9027248368953,0.9462457357047785,1054.496737905816,194.5503262094184
936,25.28132966596996,0.000780640624828971,9.762067631165053,399.9023793236884,0.9529796443544046,1047.586473766989,195.2413526233011
937,25.28211530521478,0.0007901389425244205,9.794386564209953,399.9020561343579,0.9593000816917645,1041.122687158009,195.887731284199
938,25.28290971719219,0.0007987540348612813,9.824441214720631,399.9017555878528,0.9651964518150139,1035.111757055874,196.4888242944126
939,25.2837131467158,0.0008064650675259391,9.852201922385566,399.9014779807761,0.9706588271945785,1029.559615522887,197.0440384477113
940,25.28452413379017,0.0008132594142091299,9.877641290737886,399.9012235870926,0.9756779746849001,1024.471741852423,197.5528258147577
941,25.28534151680476,0.0008191246923825446,9.900734214192358,399.9009926578581,0.9802453798007917,1019.853157161528,198.0146842838471
942,25.2861643151676,0.000824049277678816,9.921457902821579,399.9007854209718,0.9843532691746077,1015.708419435684,198.4291580564316
943,25.28699152335116,0.0008280231688285533,9.939791904846869,399.9006020809516,0.9879946311165935,1012.041619030626,198.7958380969374
944,25.28782211089238,0.0008310380248450196,9.955718126821722,399.9004428187318,0.9911632342072662,1008.856374635656,199.1143625364344
945,25.28865502239265,0.0008330871981442016,9.969220851487846,399.9003077914851,0.9938536438574005,1006.155829702431,199.3844170297569
946,25.28948917751784,0.0008341657634850387,9.980286753286197,399.9001971324672,0.9960612367781996,1003.942649342761,199.6057350657239
947,25.29032347099826,0.0008342705426298147,9.988904911507703,399.9001109508849,0.997782213311427,1002.21901769846,199.7780982301541
948,25.2911589336383,0.0008333914806001579,9.995066821070679,399.9000493317893,0.9990136075766795,1000.986635785864,199.9013364214136
949,25.29199314074302,0.0008315340278289844,9.998766400914331,399.9000123359909,0.9997532954005333,1000.246719817134,199.9753280182866
950,25.29282505481455,0.0008286997807418013,10,399.9,1,1000,200
951,25.29365363354782,0.0008248920566097886,9.998766400914331,399.9000123359909,0.9997532954005333,1000.246719817134,199.9753280182866
952,25.2944778200329,0.0008201159350217487,9.995066821070679,399.9000493317893,0.9990136075766795,1000.986635785864,199.9013364214136
953,25.29529654275501,0.0008143782556027939,9.988904911507699,399.9001109508849,0.9977822133114264,1002.21901769846,199.778098230154
954,25.29610871559452,0.0008076876111783144,9.980286753286194,399.9001971324672,0.9960612367781988,1003.942649342761,199.6057350657239
955,25.29691323782691,0.0008000543364071604,9.969220851487846,399.9003077914851,0.9938536438574005,1006.155829702431,199.3844170297569
956,25.29770936769155,0.0007914889976483488,9.955718126821722,399.9004428187318,0.9911632342072662,1008.856374635656,199.1143625364344
957,25.2984981954916,0.0007819964802667863,9.939791904846869,399.9006020809516,0.9879946311165935,1012.041619030626,198.7958380969374
958,25.29927714916839,0.000771597941675642,9.921457902821578,399.9007854209718,0.9843532691746074,1015.708419435685,198.4291580564315
959,25.3000452679423,0.0007603096878323754,9.900734214192358,399.9009926578581,0.9802453798007917,1019.853157161529,198.0146842838471
960,25.30080158973033,0.0007481495904484786,9.877641290737884,399.9012235870926,0.9756779746848997,1024.471741852424,197.5528258147577
961,25.3015451511461,0.0007351370498047376,9.852201922385563,399.9014779807761,0.9706588271945777,1029.559615522887,197.0440384477112
962,25.30227498749987,0.0007212929536305286,9.824441214720627,399.9017555878528,0.9651964518150132,1035.111757055875,196.4888242944125
963,25.30299013279851,0.0007066396321895056,9.794386564209953,399.9020561343579,0.9593000816917645,1041.12268715801,195.887731284199
964,25.30368961974549,0.0006912008097268299,9.762067631165047,399.9023793236884,0.9529796443544036,1047.586473766991,195.2413526233009
965,25.30437324978046,0.0006749984722877094,9.727516310470916,399.9027248368953,0.9462457357047771,1054.496737905817,194.5503262094183
966,25.30504159436388,0.0006580528072635574,9.690766700109657,399.9030923329989,0.9391095923595423,1061.846659978069,193.8153340021931
967,25.30569254455875,0.0006403959466493185,9.651855067509857,399.9034814493249,0.9315830624421569,1069.628986498029,193.0371013501971
968,25.30632532436082,0.0006220558524060328,9.610819813755036,399.9038918018625,0.9236785749246639,1077.836037248993,192.2163962751007
969,25.3069391694968,0.0006030615372615253,9.567701435686402,399.9043229856431,0.9154091076243565,1086.45971286272,191.354028713728
970,25.30753332742431,0.0005834429982324225,9.52254248593737,399.9047745751406,0.9067881539648227,1095.491502812527,190.4508497187474
971,25.3081070573319,0.0005632311479019743,9.475387530939223,399.9052461246906,0.897829688614785,1104.922493812155,189.5077506187845
972,25.30865963013906,0.0005424577436871898,9.426283106939472,399.9057371689306,0.8885481321217248,1114.743378612106,188.5256621387894
973,25.30919112114749,0.0005211521447306582,9.375277674076147,399.9062472232592,0.8789583146603065,1124.944465184771,187.5055534815229
974,25.30970207814059,0.0004993425654743003,9.32242156855353,399.9067757843144,0.8690754390183206,1135.515686289294,186.4484313710706
975,25.31019090799953,0.0004770664538918035,9.267766952966367,399.9073223304703,0.858915042944955,1146.446609406727,185.3553390593273
976,25.31065713028965,0.0004543574008173255,9.211367764821718,399.9078863223518,0.8484929609879666,1157.726447035657,184.2273552964344
977,25.31110029025753,0.0004312494108648577,9.153279663309128,399.9084672033669,0.8378252859474847,1169.344067338174,183.0655932661826
978,25.31151995883094,0.0004077768248261671,9.09355997437172,399.9090644002563,0.8269283300749539,1181.288005125656,181.8711994874344
979,25.31191573261891,0.0003839742418162877,9.032267634132442,399.9096773236587,0.8158185861459646,1193.546473173512,180.6453526826488
980,25.3122872339117,0.0003598764414241322,8.969463130731178,399.9103053686927,0.8045126885354594,1206.107373853764,179.3892626146236
981,25.31263451634669,0.0003355166834595562,8.905208444630325,399.9109479155537,0.7930273744231526,1218.958311073935,178.1041688926065
982,25.31295774745704,0.0003109279006832504,8.839566987447487,399.9116043301255,0.7813794452557145,1232.086602510503,176.7913397489497
983,25.3132562606785,0.0002861464144674355,8.772603539375929,399.9122739646062,0.7695857285907108,1245.479292124814,175.4520707875186
984,25.31352987724512,0.0002612065719096035,8.704384185254284,399.9129561581474,0.757663040445049,1259.123162949143,174.0876837050857
985,25.31377845091327,0.0002361424928832896,8.63497624934886,399.9136502375065,0.7456281482681891,1273.004750130228,172.6995249869772
986,25.31400186796153,0.0002109879974683784,8.56444822891268,399.9143555177109,0.7334977346572553,1287.110354217464,171.2889645782536
987,25.31420004719074,0.000185776535092588,8.492869726586944,399.9150713027341,0.72128836192777,1301.426054682611,169.8573945317389
988,25.31437293992399,0.0001605411156037169,8.420311381711691,399.9157968861829,0.7090164376498346,1315.937723657662,168.4062276342338
989,25.31452060372554,0.0001353139476083312,8.346844800613221,399.9165315519938,0.6966981812552396,1330.631039877356,166.9368960122644
990,25.31464312256493,0.0001101266933730665,8.272542485937366,399.9172745751407,0.6843495918163879,1345.491502812527,165.4508497187473
991,25.31474049173327,8.501086725245899e-05,8.197477765098069,399.918025222349,0.6719864170927724,1360.504446980386,163.9495553019614
992,25.31481280855815,5.999701363830634e-05,8.121724717912137,399.9187827528209,0.6596241239354498,1375.655056417573,162.4344943582427
993,25.31486020403511,3.511492412783879e-05,8.045358103491351,399.9195464189651,0.6472778701341395,1390.92837930173,160.907162069827
994,25.31488284282774,1.039358426033599e-05,7.968453286464312,399.9203154671354,0.634962477785639,1406.309342707138,159.3690657292862
995,25.31488092326758,-1.413887655859569e-05,7.891086162600574,399.921089138374,0.6226924082558626,1421.782767479885,157.8217232520115
996,25.31485467735421,-3.845523181416244e-05,7.813333083910753,399.9218666691609,0.6104817388013433,1437.333383217849,156.2666616782151
997,25.31480407025,-6.252799918165142e-05,7.735270783296284,399.922647292167,0.598344140909171,1452.945843340743,154.7054156659257
998,25.31472920085449,-8.633108260313227e-05,7.656976298823277,399.9234302370118,0.5862928604074142,1468.604740235345,153.1395259764655
999,25.31463057916778,-0.0001098409178892901,7.578526897695319,399.924214731023,0.5743406993909144,1484.294620460936,151.5705379539064
1000,25.31450851336951,-0.0001330340534780292,7.499999999999995,399.925,0.5624999999999992,1500.000000000001,149.9999999999999
1000,25.31450851336951,-0.0001330340534780292,7.499999999999995,399.925,0.5624999999999992,1500.000000000001,149.9999999999999
